Workbook

Sheet Sheet1
A1: gdp | B1: region | C1: green_space_and_square | D1: urban_district_population | E1: urban_population | F1: urban_district_temporary_population | G1: c_area | H1: c_water_resources | I1: min_frame_area | J1: max_frame_area | K1: biz | L1: decoration | M1: longitude | N1: latitude | O1: min_frame_rooms | P1: max_frame_rooms | Q1: near_main_road | R1: shopping | S1: bus | T1: equipment | U1: bussiness_circle | V1: built_house | W1: bj_tj | X1: small_frame | Y1: medicine | Z1: three_jia | AA1: water_scene | AB1: tech_house | AC1: vr | AD1: brand_seller | AE1: metro | AF1: round_line | AG1: greenland | AH1: car_park | AI1: low_density | AJ1: big_block | AK1: veg_market | AL1: mul_trace | AM1: entertain | AN1: snack | AO1: house_type | AP1: sale_status | AQ1: has_short_video | AR1: open_date | AS1: lowest_total_price | AT1: is_cooperation | AU1: reference_lowest_total_price | AV1: reference_highest_total_price | AW1: is_support_online_sale | AX1: experts_recommend | AY1: reference_unit_price
A2: 3725 | B2: 1 | C2: 38.83 | D2: 289.7 | E2: 145.6 | F2: 43.5 | G2: 206.53 | H2: 262800 | I2: 85 | J2: 128 | K2: 1 | L2: 1 | M2: 116.03671 | N2: 39.530293 | O2: 2 | P2: 4 | Q2: 1 | R2: 0 | S2: 0 | T2: 0 | U2: 0 | V2: 0 | W2: 0 | X2: 0 | Y2: 0 | Z2: 0 | AA2: 0 | AB2: 0 | AC2: 0 | AD2: 0 | AE2: 0 | AF2: 0 | AG2: 0 | AH2: 0 | AI2: 0 | AJ2: 0 | AK2: 0 | AL2: 0 | AM2: 0 | AN2: 0 | AO2: 0 | AP2: 0 | AQ2: 0 | AR2: 583 | AS2: 900000 | AT2: 2 | AU2: 65 | AV2: 150 | AW2: 1 | AX2: 0 | AY2: 9000
A3: 3725 | B3: 1 | C3: 38.83 | D3: 289.7 | E3: 145.6 | F3: 43.5 | G3: 206.53 | H3: 262800 | I3: 81 | J3: 119 | K3: 1 | L3: 0 | M3: 116.05976 | N3: 39.472472 | O3: 2 | P3: 3 | Q3: 0 | R3: 0 | S3: 0 | T3: 0 | U3: 1 | V3: 0 | W3: 0 | X3: 0 | Y3: 0 | Z3: 0 | AA3: 0 | AB3: 0 | AC3: 1 | AD3: 0 | AE3: 0 | AF3: 0 | AG3: 0 | AH3: 0 | AI3: 0 | AJ3: 0 | AK3: 0 | AL3: 1 | AM3: 0 | AN3: 0 | AO3: 0 | AP3: 0 | AQ3: 0 | AR3: 465 | AS3: 680000 | AT3: 2 | AU3: 73 | AV3: 110 | AW3: 1 | AX3: 0 | AY3: 8500
A4: 3725 | B4: 1 | C4: 38.83 | D4: 289.7 | E4: 145.6 | F4: 43.5 | G4: 206.53 | H4: 262800 | I4: 80 | J4: 121 | K4: 1 | L4: 1 | M4: 115.9992 | N4: 39.476842 | O4: 2 | P4: 3 | Q4: 0 | R4: 0 | S4: 0 | T4: 1 | U4: 1 | V4: 0 | W4: 0 | X4: 0 | Y4: 0 | Z4: 0 | AA4: 0 | AB4: 0 | AC4: 0 | AD4: 0 | AE4: 0 | AF4: 0 | AG4: 0 | AH4: 0 | AI4: 0 | AJ4: 0 | AK4: 0 | AL4: 0 | AM4: 0 | AN4: 0 | AO4: 0 | AP4: 0 | AQ4: 0 | AR4: 870 | AS4: 640000 | AT4: 2 | AU4: 62 | AV4: 98 | AW4: 0 | AX4: 0 | AY4: 7900
A5: 3725 | B5: 1 | C5: 38.83 | D5: 289.7 | E5: 145.6 | F5: 43.5 | G5: 206.53 | H5: 262800 | I5: 87 | J5: 145 | K5: 1 | L5: 1 | M5: 116.03589 | N5: 39.475607 | O5: 3 | P5: 4 | Q5: 0 | R5: 1 | S5: 0 | T5: 1 | U5: 0 | V5: 0 | W5: 0 | X5: 0 | Y5: 1 | Z5: 0 | AA5: 0 | AB5: 0 | AC5: 0 | AD5: 0 | AE5: 0 | AF5: 0 | AG5: 0 | AH5: 0 | AI5: 0 | AJ5: 0 | AK5: 0 | AL5: 0 | AM5: 0 | AN5: 0 | AO5: 0 | AP5: 0 | AQ5: 0 | AR5: 899 | AS5: 720000 | AT5: 2 | AU5: 68 | AV5: 142 | AW5: 0 | AX5: 0 | AY5: 8500
A6: 3725 | B6: 1 | C6: 38.83 | D6: 289.7 | E6: 145.6 | F6: 43.5 | G6: 206.53 | H6: 262800 | I6: 101 | J6: 125 | K6: 1 | L6: 1 | M6: 116.02219 | N6: 39.583697 | O6: 3 | P6: 3 | Q6: 0 | R6: 1 | S6: 0 | T6: 0 | U6: 0 | V6: 0 | W6: 0 | X6: 0 | Y6: 1 | Z6: 0 | AA6: 0 | AB6: 0 | AC6: 0 | AD6: 1 | AE6: 0 | AF6: 0 | AG6: 0 | AH6: 0 | AI6: 0 | AJ6: 0 | AK6: 0 | AL6: 0 | AM6: 0 | AN6: 1 | AO6: 0 | AP6: 0 | AQ6: 0 | AR6: 1344 | AS6: 1160000 | AT6: 0 | AU6: 116 | AV6: 164 | AW6: 0 | AX6: 0 | AY6: 12000
A7: 982.7 | B7: 3 | C7: 1.24 | D7: 51.7 | E7: 32.72 | F7: 8.2 | G7: 51 | H7: 564990 | I7: 95 | J7: 141 | K7: 0 | L7: 1 | M7: 107.37906 | N7: 40.754896 | O7: 2 | P7: 3 | Q7: 1 | R7: 0 | S7: 0 | T7: 0 | U7: 1 | V7: 0 | W7: 0 | X7: 0 | Y7: 0 | Z7: 0 | AA7: 0 | AB7: 0 | AC7: 0 | AD7: 0 | AE7: 0 | AF7: 0 | AG7: 0 | AH7: 0 | AI7: 0 | AJ7: 0 | AK7: 0 | AL7: 1 | AM7: 0 | AN7: 0 | AO7: 0 | AP7: 0 | AQ7: 0 | AR7: 1144 | AS7: 800000 | AT7: 2 | AU7: 64 | AV7: 89 | AW7: 0 | AX7: 0 | AY7: 6200
A8: 982.7 | B8: 3 | C8: 1.24 | D8: 51.7 | E8: 32.72 | F8: 8.2 | G8: 51 | H8: 564990 | I8: 98 | J8: 139 | K8: 0 | L8: 1 | M8: 107.38285 | N8: 40.750529 | O8: 2 | P8: 3 | Q8: 1 | R8: 0 | S8: 0 | T8: 0 | U8: 1 | V8: 0 | W8: 0 | X8: 0 | Y8: 0 | Z8: 1 | AA8: 0 | AB8: 0 | AC8: 0 | AD8: 0 | AE8: 0 | AF8: 0 | AG8: 0 | AH8: 0 | AI8: 0 | AJ8: 0 | AK8: 1 | AL8: 0 | AM8: 0 | AN8: 0 | AO8: 0 | AP8: 0 | AQ8: 0 | AR8: 658 | AS8: 800000 | AT8: 2 | AU8: 60.7 | AV8: 86 | AW8: 0 | AX8: 0 | AY8: 6200
A9: 982.7 | B9: 3 | C9: 1.24 | D9: 51.7 | E9: 32.72 | F9: 8.2 | G9: 51 | H9: 564990 | I9: 110 | J9: 142 | K9: 1 | L9: 1 | M9: 107.38656 | N9: 40.786798 | O9: 3 | P9: 3 | Q9: 1 | R9: 0 | S9: 0 | T9: 0 | U9: 0 | V9: 0 | W9: 0 | X9: 0 | Y9: 0 | Z9: 0 | AA9: 0 | AB9: 0 | AC9: 0 | AD9: 0 | AE9: 0 | AF9: 0 | AG9: 0 | AH9: 0 | AI9: 0 | AJ9: 0 | AK9: 0 | AL9: 1 | AM9: 0 | AN9: 0 | AO9: 0 | AP9: 0 | AQ9: 0 | AR9: 1144 | AS9: 420000 | AT9: 2 | AU9: 49.5 | AV9: 63.9 | AW9: 1 | AX9: 0 | AY9: 4500
A10: 982.7 | B10: 3 | C10: 1.24 | D10: 51.7 | E10: 32.72 | F10: 8.2 | G10: 51 | H10: 564990 | I10: 82 | J10: 140 | K10: 0 | L10: 1 | M10: 107.35641 | N10: 40.795628 | O10: 2 | P10: 4 | Q10: 1 | R10: 0 | S10: 0 | T10: 0 | U10: 1 | V10: 0 | W10: 0 | X10: 0 | Y10: 0 | Z10: 0 | AA10: 0 | AB10: 0 | AC10: 0 | AD10: 0 | AE10: 0 | AF10: 0 | AG10: 0 | AH10: 0 | AI10: 0 | AJ10: 0 | AK10: 0 | AL10: 0 | AM10: 0 | AN10: 0 | AO10: 0 | AP10: 0 | AQ10: 0 | AR10: 1693 | AS10: 420000 | AT10: 2 | AU10: 35 | AV10: 61 | AW10: 0 | AX10: 0 | AY10: 4300
A11: 982.7 | B11: 3 | C11: 1.24 | D11: 51.7 | E11: 32.72 | F11: 8.2 | G11: 51 | H11: 564990 | I11: 63 | J11: 124 | K11: 1 | L11: 1 | M11: 107.38828 | N11: 40.772314 | O11: 1 | P11: 3 | Q11: 0 | R11: 0 | S11: 0 | T11: 0 | U11: 0 | V11: 0 | W11: 0 | X11: 1 | Y11: 0 | Z11: 0 | AA11: 0 | AB11: 0 | AC11: 0 | AD11: 0 | AE11: 0 | AF11: 0 | AG11: 0 | AH11: 0 | AI11: 0 | AJ11: 0 | AK11: 0 | AL11: 0 | AM11: 0 | AN11: 0 | AO11: 0 | AP11: 0 | AQ11: 0 | AR11: 1144 | AS11: 520000 | AT11: 2 | AU11: 32.7 | AV11: 64 | AW11: 0 | AX11: 0 | AY11: 5200
A12: 1504.43 | B12: 5 | C12: 7.95 | D12: 71.8 | E12: 40.29 | F12: 30.5 | G12: 85.98 | H12: 192000 | I12: 56 | J12: 117 | K12: 1 | L12: 0 | M12: 109.18425 | N12: 21.544756 | O12: 1 | P12: 4 | Q12: 0 | R12: 0 | S12: 1 | T12: 0 | U12: 0 | V12: 0 | W12: 0 | X12: 0 | Y12: 0 | Z12: 0 | AA12: 0 | AB12: 0 | AC12: 0 | AD12: 0 | AE12: 0 | AF12: 0 | AG12: 0 | AH12: 0 | AI12: 0 | AJ12: 0 | AK12: 0 | AL12: 0 | AM12: 0 | AN12: 0 | AO12: 0 | AP12: 0 | AQ12: 1 | AR12: 1236 | AS12: 300000 | AT12: 0 | AU12: 38 | AV12: 73.5 | AW12: 0 | AX12: 0 | AY12: 4999
A13: 1504.43 | B13: 5 | C13: 7.95 | D13: 71.8 | E13: 40.29 | F13: 30.5 | G13: 85.98 | H13: 192000 | I13: 81 | J13: 128 | K13: 1 | L13: 0 | M13: 109.17751 | N13: 21.485782 | O13: 2 | P13: 4 | Q13: 1 | R13: 0 | S13: 1 | T13: 0 | U13: 0 | V13: 0 | W13: 0 | X13: 0 | Y13: 0 | Z13: 0 | AA13: 0 | AB13: 0 | AC13: 0 | AD13: 0 | AE13: 0 | AF13: 0 | AG13: 0 | AH13: 0 | AI13: 0 | AJ13: 0 | AK13: 0 | AL13: 0 | AM13: 0 | AN13: 0 | AO13: 0 | AP13: 0 | AQ13: 1 | AR13: 1509 | AS13: 430000 | AT13: 2 | AU13: 43 | AV13: 64 | AW13: 0 | AX13: 0 | AY13: 4796
... A632: 3566.17 | B632: 5 | C632: 38.54 | D632: 198.7 | E632: 79.85 | F632: 279.9 | G632: 192.01 | H632: 155800 | I632: 93 | J632: 174 | K632: 1 | L632: 1 | M632: 113.45948 | N632: 22.367971 | O632: 2 | P632: 3 | Q632: 1 | R632: 0 | S632: 0 | T632: 1 | U632: 1 | V632: 0 | W632: 0 | X632: 0 | Y632: 0 | Z632: 0 | AA632: 0 | AB632: 0 | AC632: 0 | AD632: 0 | AE632: 0 | AF632: 0 | AG632: 0 | AH632: 0 | AI632: 0 | AJ632: 0 | AK632: 0 | AL632: 0 | AM632: 0 | AN632: 0 | AO632: 0 | AP632: 0 | AQ632: 0 | AR632: 2559 | AS632: 1300000 | AT632: 0 | AU632: 120 | AV632: 226 | AW632: 0 | AX632: 0 | AY632: 12000

Sheet Sheet2
A1: min_frame_area | B1: =VLOOKUP(A1,Sheet3!A:A,1,FALSE) -> min_frame_area
A2: max_frame_area | B2: =VLOOKUP(A2,Sheet3!A:A,1,FALSE) -> max_frame_area
A3: biz | B3: =VLOOKUP(A3,Sheet3!A:A,1,FALSE) -> biz
A4: decoration | B4: =VLOOKUP(A4,Sheet3!A:A,1,FALSE) -> decoration
A5: longitude | B5: =VLOOKUP(A5,Sheet3!A:A,1,FALSE) -> longitude
A6: latitude | B6: =VLOOKUP(A6,Sheet3!A:A,1,FALSE) -> latitude
A7: min_frame_rooms | B7: =VLOOKUP(A7,Sheet3!A:A,1,FALSE) -> min_frame_rooms
A8: max_frame_rooms | B8: =VLOOKUP(A8,Sheet3!A:A,1,FALSE) -> max_frame_rooms
A9: house_type | B9: =VLOOKUP(A9,Sheet3!A:A,1,FALSE) -> house_type
A10: sale_status | B10: =VLOOKUP(A10,Sheet3!A:A,1,FALSE) -> sale_status
A11: has_short_video | B11: =VLOOKUP(A11,Sheet3!A:A,1,FALSE) -> has_short_video
A12: open_date | B12: =VLOOKUP(A12,Sheet3!A:A,1,FALSE) -> open_date
... A37: gdp | B37: =VLOOKUP(A37,Sheet3!A:A,1,FALSE) -> gdp
A38: region | B38: =VLOOKUP(A38,Sheet3!A:A,1,FALSE) -> region | F38: 西南4 | G38: 华南5 | H38: 华中6）
A39: green_rate | B39: =VLOOKUP(A39,Sheet3!A:A,1,FALSE) -> #N/A
A40: urban_district_population | B40: =VLOOKUP(A40,Sheet3!A:A,1,FALSE) -> urban_district_population
A41: urban_population | B41: =VLOOKUP(A41,Sheet3!A:A,1,FALSE) -> urban_population
A42: urban_district_temporary_population | B42: =VLOOKUP(A42,Sheet3!A:A,1,FALSE) -> urban_district_temporary_population
A43: green_space_and_square | B43: =VLOOKUP(A43,Sheet3!A:A,1,FALSE) -> green_space_and_square
A44: c_area | B44: =VLOOKUP(A44,Sheet3!A:A,1,FALSE) -> c_area
A45: c_water_resources | B45: =VLOOKUP(A45,Sheet3!A:A,1,FALSE) -> c_water_resources
A46: car_park | B46: =VLOOKUP(A46,Sheet3!A:A,1,FALSE) -> car_park
A47: low_density | B47: =VLOOKUP(A47,Sheet3!A:A,1,FALSE) -> low_density
A48: big_block | B48: =VLOOKUP(A48,Sheet3!A:A,1,FALSE) -> big_block
A49: veg_market | B49: =VLOOKUP(A49,Sheet3!A:A,1,FALSE) -> veg_market
A50: mul_trace | B50: =VLOOKUP(A50,Sheet3!A:A,1,FALSE) -> mul_trace
... A52: snack | B52: =VLOOKUP(A52,Sheet3!A:A,1,FALSE) -> snack

Sheet Sheet3
A1: gdp
A2: region
A3: green_space_and_square
A4: urban_district_population
A5: urban_population
A6: urban_district_temporary_population
A7: c_area
A8: c_water_resources
A9: min_frame_area
A10: max_frame_area
A11: biz
A12: decoration
... A51: reference_unit_price
