Workbook

Sheet Sheet1
A1: city_name | B1: gdp | C1: region | D1: green_space_and_square | E1: urban_district_population | F1: urban_population | G1: urban_district_temporary_population | H1: c_area | I1: c_water_resources | J1: min_frame_area | K1: max_frame_area | L1: biz | M1: decoration | N1: longitude | O1: latitude | P1: min_frame_rooms | Q1: max_frame_rooms | R1: near_main_road | S1: shopping | T1: bus | U1: equipment | V1: bussiness_circle | W1: built_house | X1: bj_tj | Y1: small_frame | Z1: medicine | AA1: three_jia | AB1: water_scene | AC1: tech_house | AD1: vr | AE1: brand_seller | AF1: metro | AG1: round_line | AH1: greenland | AI1: car_park | AJ1: low_density | AK1: big_block | AL1: veg_market | AM1: mul_trace | AN1: entertain | AO1: snack | AP1: house_type | AQ1: sale_status | AR1: has_short_video | AS1: open_date | AT1: lowest_total_price | AU1: is_cooperation | AV1: reference_unit_price | AW1: reference_lowest_total_price | AX1: reference_highest_total_price | AY1: is_support_online_sale | AZ1: experts_recommend
A2: 保定 | B2: =VLOOKUP(A2,Sheet2!A:G,2,FALSE) -> 3725 | C2: =VLOOKUP(A2,Sheet2!$A:$H,3,FALSE) -> 1 | D2: =VLOOKUP(A2,Sheet4!A:Q,13,FALSE) -> 38.83 | E2: =VLOOKUP(A2,Sheet4!A:C,3,FALSE) -> 289.7 | F2: =VLOOKUP(A2,Sheet4!A:F,6,FALSE) -> 145.60 | G2: =VLOOKUP(A2,Sheet4!A:D,4,FALSE) -> 43.5 | H2: =VLOOKUP(A2,Sheet4!A:H,8,FALSE) -> 206.53 | I2: =VLOOKUP(A2,Sheet2!$A:$H,7,FALSE) -> 262800 | J2: 85 | K2: 128 | L2: 1 | M2: 1 | N2: 116.03671 | O2: 39.530293 | P2: 2 | Q2: 4 | R2: 1 | S2: 0 | T2: 0 | U2: 0 | V2: 0 | W2: 0 | X2: 0 | Y2: 0 | Z2: 0 | AA2: 0 | AB2: 0 | AC2: 0 | AD2: 0 | AE2: 0 | AF2: 0 | AG2: 0 | AH2: 0 | AI2: 0 | AJ2: 0 | AK2: 0 | AL2: 0 | AM2: 0 | AN2: 0 | AO2: 0 | AP2: 0 | AQ2: 0 | AR2: 0 | AS2: 583 | AT2: 900000 | AU2: 2 | AV2: 9000 | AW2: 65 | AX2: 150 | AY2: 1 | AZ2: 0
A3: 保定 | B3: =VLOOKUP(A3,Sheet2!A:G,2,FALSE) -> 3725 | C3: =VLOOKUP(A3,Sheet2!$A:$H,3,FALSE) -> 1 | D3: =VLOOKUP(A3,Sheet4!A:Q,13,FALSE) -> 38.83 | E3: =VLOOKUP(A3,Sheet4!A:C,3,FALSE) -> 289.7 | F3: =VLOOKUP(A3,Sheet4!A:F,6,FALSE) -> 145.60 | G3: =VLOOKUP(A3,Sheet4!A:D,4,FALSE) -> 43.5 | H3: =VLOOKUP(A3,Sheet4!A:H,8,FALSE) -> 206.53 | I3: =VLOOKUP(A3,Sheet2!$A:$H,7,FALSE) -> 262800 | J3: 81 | K3: 119 | L3: 1 | M3: 0 | N3: 116.05976 | O3: 39.472472 | P3: 2 | Q3: 3 | R3: 0 | S3: 0 | T3: 0 | U3: 0 | V3: 1 | W3: 0 | X3: 0 | Y3: 0 | Z3: 0 | AA3: 0 | AB3: 0 | AC3: 0 | AD3: 1 | AE3: 0 | AF3: 0 | AG3: 0 | AH3: 0 | AI3: 0 | AJ3: 0 | AK3: 0 | AL3: 0 | AM3: 1 | AN3: 0 | AO3: 0 | AP3: 0 | AQ3: 0 | AR3: 0 | AS3: 465 | AT3: 680000 | AU3: 2 | AV3: 8500 | AW3: 73 | AX3: 110 | AY3: 1 | AZ3: 0
A4: 保定 | B4: =VLOOKUP(A4,Sheet2!A:G,2,FALSE) -> 3725 | C4: =VLOOKUP(A4,Sheet2!$A:$H,3,FALSE) -> 1 | D4: =VLOOKUP(A4,Sheet4!A:Q,13,FALSE) -> 38.83 | E4: =VLOOKUP(A4,Sheet4!A:C,3,FALSE) -> 289.7 | F4: =VLOOKUP(A4,Sheet4!A:F,6,FALSE) -> 145.60 | G4: =VLOOKUP(A4,Sheet4!A:D,4,FALSE) -> 43.5 | H4: =VLOOKUP(A4,Sheet4!A:H,8,FALSE) -> 206.53 | I4: =VLOOKUP(A4,Sheet2!$A:$H,7,FALSE) -> 262800 | J4: 80 | K4: 121 | L4: 1 | M4: 1 | N4: 115.9992 | O4: 39.476842 | P4: 2 | Q4: 3 | R4: 0 | S4: 0 | T4: 0 | U4: 1 | V4: 1 | W4: 0 | X4: 0 | Y4: 0 | Z4: 0 | AA4: 0 | AB4: 0 | AC4: 0 | AD4: 0 | AE4: 0 | AF4: 0 | AG4: 0 | AH4: 0 | AI4: 0 | AJ4: 0 | AK4: 0 | AL4: 0 | AM4: 0 | AN4: 0 | AO4: 0 | AP4: 0 | AQ4: 0 | AR4: 0 | AS4: 870 | AT4: 640000 | AU4: 2 | AV4: 7900 | AW4: 62 | AX4: 98 | AY4: 0 | AZ4: 0
A5: 保定 | B5: =VLOOKUP(A5,Sheet2!A:G,2,FALSE) -> 3725 | C5: =VLOOKUP(A5,Sheet2!$A:$H,3,FALSE) -> 1 | D5: =VLOOKUP(A5,Sheet4!A:Q,13,FALSE) -> 38.83 | E5: =VLOOKUP(A5,Sheet4!A:C,3,FALSE) -> 289.7 | F5: =VLOOKUP(A5,Sheet4!A:F,6,FALSE) -> 145.60 | G5: =VLOOKUP(A5,Sheet4!A:D,4,FALSE) -> 43.5 | H5: =VLOOKUP(A5,Sheet4!A:H,8,FALSE) -> 206.53 | I5: =VLOOKUP(A5,Sheet2!$A:$H,7,FALSE) -> 262800 | J5: 87 | K5: 145 | L5: 1 | M5: 1 | N5: 116.03589 | O5: 39.475607 | P5: 3 | Q5: 4 | R5: 0 | S5: 1 | T5: 0 | U5: 1 | V5: 0 | W5: 0 | X5: 0 | Y5: 0 | Z5: 1 | AA5: 0 | AB5: 0 | AC5: 0 | AD5: 0 | AE5: 0 | AF5: 0 | AG5: 0 | AH5: 0 | AI5: 0 | AJ5: 0 | AK5: 0 | AL5: 0 | AM5: 0 | AN5: 0 | AO5: 0 | AP5: 0 | AQ5: 0 | AR5: 0 | AS5: 899 | AT5: 720000 | AU5: 2 | AV5: 8500 | AW5: 68 | AX5: 142 | AY5: 0 | AZ5: 0
A6: 保定 | B6: =VLOOKUP(A6,Sheet2!A:G,2,FALSE) -> 3725 | C6: =VLOOKUP(A6,Sheet2!$A:$H,3,FALSE) -> 1 | D6: =VLOOKUP(A6,Sheet4!A:Q,13,FALSE) -> 38.83 | E6: =VLOOKUP(A6,Sheet4!A:C,3,FALSE) -> 289.7 | F6: =VLOOKUP(A6,Sheet4!A:F,6,FALSE) -> 145.60 | G6: =VLOOKUP(A6,Sheet4!A:D,4,FALSE) -> 43.5 | H6: =VLOOKUP(A6,Sheet4!A:H,8,FALSE) -> 206.53 | I6: =VLOOKUP(A6,Sheet2!$A:$H,7,FALSE) -> 262800 | J6: 101 | K6: 125 | L6: 1 | M6: 1 | N6: 116.02219 | O6: 39.583697 | P6: 3 | Q6: 3 | R6: 0 | S6: 1 | T6: 0 | U6: 0 | V6: 0 | W6: 0 | X6: 0 | Y6: 0 | Z6: 1 | AA6: 0 | AB6: 0 | AC6: 0 | AD6: 0 | AE6: 1 | AF6: 0 | AG6: 0 | AH6: 0 | AI6: 0 | AJ6: 0 | AK6: 0 | AL6: 0 | AM6: 0 | AN6: 0 | AO6: 1 | AP6: 0 | AQ6: 0 | AR6: 0 | AS6: 1344 | AT6: 1160000 | AU6: 0 | AV6: 12000 | AW6: 116 | AX6: 164 | AY6: 0 | AZ6: 0
A7: 巴彦淖尔 | B7: 982.7 | C7: 3 | D7: =VLOOKUP(A7,Sheet4!A:Q,13,FALSE) -> 1.24 | E7: =VLOOKUP(A7,Sheet4!A:C,3,FALSE) -> 51.7 | F7: =VLOOKUP(A7,Sheet4!A:F,6,FALSE) -> 32.72 | G7: =VLOOKUP(A7,Sheet4!A:D,4,FALSE) -> 8.2 | H7: =VLOOKUP(A7,Sheet4!A:H,8,FALSE) -> 51.00 | I7: 564990 | J7: 95 | K7: 141 | L7: 0 | M7: 1 | N7: 107.37906 | O7: 40.754896 | P7: 2 | Q7: 3 | R7: 1 | S7: 0 | T7: 0 | U7: 0 | V7: 1 | W7: 0 | X7: 0 | Y7: 0 | Z7: 0 | AA7: 0 | AB7: 0 | AC7: 0 | AD7: 0 | AE7: 0 | AF7: 0 | AG7: 0 | AH7: 0 | AI7: 0 | AJ7: 0 | AK7: 0 | AL7: 0 | AM7: 1 | AN7: 0 | AO7: 0 | AP7: 0 | AQ7: 0 | AR7: 0 | AS7: 1144 | AT7: 800000 | AU7: 2 | AV7: 6200 | AW7: 64 | AX7: 89 | AY7: 0 | AZ7: 0
A8: 巴彦淖尔 | B8: 982.7 | C8: 3 | D8: =VLOOKUP(A8,Sheet4!A:Q,13,FALSE) -> 1.24 | E8: =VLOOKUP(A8,Sheet4!A:C,3,FALSE) -> 51.7 | F8: =VLOOKUP(A8,Sheet4!A:F,6,FALSE) -> 32.72 | G8: =VLOOKUP(A8,Sheet4!A:D,4,FALSE) -> 8.2 | H8: =VLOOKUP(A8,Sheet4!A:H,8,FALSE) -> 51.00 | I8: 564990 | J8: 98 | K8: 139 | L8: 0 | M8: 1 | N8: 107.38285 | O8: 40.750529 | P8: 2 | Q8: 3 | R8: 1 | S8: 0 | T8: 0 | U8: 0 | V8: 1 | W8: 0 | X8: 0 | Y8: 0 | Z8: 0 | AA8: 1 | AB8: 0 | AC8: 0 | AD8: 0 | AE8: 0 | AF8: 0 | AG8: 0 | AH8: 0 | AI8: 0 | AJ8: 0 | AK8: 0 | AL8: 1 | AM8: 0 | AN8: 0 | AO8: 0 | AP8: 0 | AQ8: 0 | AR8: 0 | AS8: 658 | AT8: 800000 | AU8: 2 | AV8: 6200 | AW8: 60.7 | AX8: 86 | AY8: 0 | AZ8: 0
A9: 巴彦淖尔 | B9: 982.7 | C9: 3 | D9: =VLOOKUP(A9,Sheet4!A:Q,13,FALSE) -> 1.24 | E9: =VLOOKUP(A9,Sheet4!A:C,3,FALSE) -> 51.7 | F9: =VLOOKUP(A9,Sheet4!A:F,6,FALSE) -> 32.72 | G9: =VLOOKUP(A9,Sheet4!A:D,4,FALSE) -> 8.2 | H9: =VLOOKUP(A9,Sheet4!A:H,8,FALSE) -> 51.00 | I9: 564990 | J9: 110 | K9: 142 | L9: 1 | M9: 1 | N9: 107.38656 | O9: 40.786798 | P9: 3 | Q9: 3 | R9: 1 | S9: 0 | T9: 0 | U9: 0 | V9: 0 | W9: 0 | X9: 0 | Y9: 0 | Z9: 0 | AA9: 0 | AB9: 0 | AC9: 0 | AD9: 0 | AE9: 0 | AF9: 0 | AG9: 0 | AH9: 0 | AI9: 0 | AJ9: 0 | AK9: 0 | AL9: 0 | AM9: 1 | AN9: 0 | AO9: 0 | AP9: 0 | AQ9: 0 | AR9: 0 | AS9: 1144 | AT9: 420000 | AU9: 2 | AV9: 4500 | AW9: 49.5 | AX9: 63.9 | AY9: 1 | AZ9: 0
A10: 巴彦淖尔 | B10: 982.7 | C10: 3 | D10: =VLOOKUP(A10,Sheet4!A:Q,13,FALSE) -> 1.24 | E10: =VLOOKUP(A10,Sheet4!A:C,3,FALSE) -> 51.7 | F10: =VLOOKUP(A10,Sheet4!A:F,6,FALSE) -> 32.72 | G10: =VLOOKUP(A10,Sheet4!A:D,4,FALSE) -> 8.2 | H10: =VLOOKUP(A10,Sheet4!A:H,8,FALSE) -> 51.00 | I10: 564990 | J10: 82 | K10: 140 | L10: 0 | M10: 1 | N10: 107.35641 | O10: 40.795628 | P10: 2 | Q10: 4 | R10: 1 | S10: 0 | T10: 0 | U10: 0 | V10: 1 | W10: 0 | X10: 0 | Y10: 0 | Z10: 0 | AA10: 0 | AB10: 0 | AC10: 0 | AD10: 0 | AE10: 0 | AF10: 0 | AG10: 0 | AH10: 0 | AI10: 0 | AJ10: 0 | AK10: 0 | AL10: 0 | AM10: 0 | AN10: 0 | AO10: 0 | AP10: 0 | AQ10: 0 | AR10: 0 | AS10: 1693 | AT10: 420000 | AU10: 2 | AV10: 4300 | AW10: 35 | AX10: 61 | AY10: 0 | AZ10: 0
A11: 巴彦淖尔 | B11: 982.7 | C11: 3 | D11: =VLOOKUP(A11,Sheet4!A:Q,13,FALSE) -> 1.24 | E11: =VLOOKUP(A11,Sheet4!A:C,3,FALSE) -> 51.7 | F11: =VLOOKUP(A11,Sheet4!A:F,6,FALSE) -> 32.72 | G11: =VLOOKUP(A11,Sheet4!A:D,4,FALSE) -> 8.2 | H11: =VLOOKUP(A11,Sheet4!A:H,8,FALSE) -> 51.00 | I11: 564990 | J11: 63 | K11: 124 | L11: 1 | M11: 1 | N11: 107.38828 | O11: 40.772314 | P11: 1 | Q11: 3 | R11: 0 | S11: 0 | T11: 0 | U11: 0 | V11: 0 | W11: 0 | X11: 0 | Y11: 1 | Z11: 0 | AA11: 0 | AB11: 0 | AC11: 0 | AD11: 0 | AE11: 0 | AF11: 0 | AG11: 0 | AH11: 0 | AI11: 0 | AJ11: 0 | AK11: 0 | AL11: 0 | AM11: 0 | AN11: 0 | AO11: 0 | AP11: 0 | AQ11: 0 | AR11: 0 | AS11: 1144 | AT11: 520000 | AU11: 2 | AV11: 5200 | AW11: 32.7 | AX11: 64 | AY11: 0 | AZ11: 0
A12: 北海 | B12: =VLOOKUP(A12,Sheet2!A:G,2,FALSE) -> 1504.43 | C12: =VLOOKUP(A12,Sheet2!$A:$H,3,FALSE) -> 5 | D12: =VLOOKUP(A12,Sheet4!A:Q,13,FALSE) -> 7.95 | E12: =VLOOKUP(A12,Sheet4!A:C,3,FALSE) -> 71.8 | F12: =VLOOKUP(A12,Sheet4!A:F,6,FALSE) -> 40.29 | G12: =VLOOKUP(A12,Sheet4!A:D,4,FALSE) -> 30.5 | H12: =VLOOKUP(A12,Sheet4!A:H,8,FALSE) -> 85.98 | I12: =VLOOKUP(A12,Sheet2!$A:$H,7,FALSE) -> 192000 | J12: 56 | K12: 117 | L12: 1 | M12: 0 | N12: 109.18425 | O12: 21.544756 | P12: 1 | Q12: 4 | R12: 0 | S12: 0 | T12: 1 | U12: 0 | V12: 0 | W12: 0 | X12: 0 | Y12: 0 | Z12: 0 | AA12: 0 | AB12: 0 | AC12: 0 | AD12: 0 | AE12: 0 | AF12: 0 | AG12: 0 | AH12: 0 | AI12: 0 | AJ12: 0 | AK12: 0 | AL12: 0 | AM12: 0 | AN12: 0 | AO12: 0 | AP12: 0 | AQ12: 0 | AR12: 1 | AS12: 1236 | AT12: 300000 | AU12: 0 | AV12: 4999 | AW12: 38 | AX12: 73.5 | AY12: 0 | AZ12: 0
A13: 北海 | B13: =VLOOKUP(A13,Sheet2!A:G,2,FALSE) -> 1504.43 | C13: =VLOOKUP(A13,Sheet2!$A:$H,3,FALSE) -> 5 | D13: =VLOOKUP(A13,Sheet4!A:Q,13,FALSE) -> 7.95 | E13: =VLOOKUP(A13,Sheet4!A:C,3,FALSE) -> 71.8 | F13: =VLOOKUP(A13,Sheet4!A:F,6,FALSE) -> 40.29 | G13: =VLOOKUP(A13,Sheet4!A:D,4,FALSE) -> 30.5 | H13: =VLOOKUP(A13,Sheet4!A:H,8,FALSE) -> 85.98 | I13: =VLOOKUP(A13,Sheet2!$A:$H,7,FALSE) -> 192000 | J13: 81 | K13: 128 | L13: 1 | M13: 0 | N13: 109.17751 | O13: 21.485782 | P13: 2 | Q13: 4 | R13: 1 | S13: 0 | T13: 1 | U13: 0 | V13: 0 | W13: 0 | X13: 0 | Y13: 0 | Z13: 0 | AA13: 0 | AB13: 0 | AC13: 0 | AD13: 0 | AE13: 0 | AF13: 0 | AG13: 0 | AH13: 0 | AI13: 0 | AJ13: 0 | AK13: 0 | AL13: 0 | AM13: 0 | AN13: 0 | AO13: 0 | AP13: 0 | AQ13: 0 | AR13: 1 | AS13: 1509 | AT13: 430000 | AU13: 2 | AV13: 4796 | AW13: 43 | AX13: 64 | AY13: 0 | AZ13: 0
A14: 北海 | B14: =VLOOKUP(A14,Sheet2!A:G,2,FALSE) -> 1504.43 | C14: =VLOOKUP(A14,Sheet2!$A:$H,3,FALSE) -> 5 | D14: =VLOOKUP(A14,Sheet4!A:Q,13,FALSE) -> 7.95 | E14: =VLOOKUP(A14,Sheet4!A:C,3,FALSE) -> 71.8 | F14: =VLOOKUP(A14,Sheet4!A:F,6,FALSE) -> 40.29 | G14: =VLOOKUP(A14,Sheet4!A:D,4,FALSE) -> 30.5 | H14: =VLOOKUP(A14,Sheet4!A:H,8,FALSE) -> 85.98 | I14: =VLOOKUP(A14,Sheet2!$A:$H,7,FALSE) -> 192000 | J14: 81 | K14: 128 | L14: 1 | M14: 0 | N14: 109.09718 | O14: 21.459051 | P14: 3 | Q14: 5 | R14: 0 | S14: 0 | T14: 0 | U14: 0 | V14: 0 | W14: 0 | X14: 0 | Y14: 0 | Z14: 0 | AA14: 0 | AB14: 0 | AC14: 0 | AD14: 1 | AE14: 1 | AF14: 0 | AG14: 0 | AH14: 0 | AI14: 0 | AJ14: 0 | AK14: 0 | AL14: 0 | AM14: 0 | AN14: 0 | AO14: 0 | AP14: 0 | AQ14: 0 | AR14: 1 | AS14: 615 | AT14: 450000 | AU14: 2 | AV14: 5600 | AW14: 45 | AX14: 73 | AY14: 0 | AZ14: 0
A15: 北海 | B15: =VLOOKUP(A15,Sheet2!A:G,2,FALSE) -> 1504.43 | C15: =VLOOKUP(A15,Sheet2!$A:$H,3,FALSE) -> 5 | D15: =VLOOKUP(A15,Sheet4!A:Q,13,FALSE) -> 7.95 | E15: =VLOOKUP(A15,Sheet4!A:C,3,FALSE) -> 71.8 | F15: =VLOOKUP(A15,Sheet4!A:F,6,FALSE) -> 40.29 | G15: =VLOOKUP(A15,Sheet4!A:D,4,FALSE) -> 30.5 | H15: =VLOOKUP(A15,Sheet4!A:H,8,FALSE) -> 85.98 | I15: =VLOOKUP(A15,Sheet2!$A:$H,7,FALSE) -> 192000 | J15: 80 | K15: 312 | L15: 1 | M15: 1 | N15: 109.13454 | O15: 21.463175 | P15: 2 | Q15: 5 | R15: 1 | S15: 0 | T15: 0 | U15: 0 | V15: 1 | W15: 0 | X15: 0 | Y15: 0 | Z15: 0 | AA15: 1 | AB15: 0 | AC15: 0 | AD15: 0 | AE15: 0 | AF15: 0 | AG15: 0 | AH15: 0 | AI15: 0 | AJ15: 0 | AK15: 0 | AL15: 0 | AM15: 0 | AN15: 0 | AO15: 0 | AP15: 0 | AQ15: 0 | AR15: 1 | AS15: 1516 | AT15: 580000 | AU15: 0 | AV15: 5200 | AW15: 41.6 | AX15: 180 | AY15: 0 | AZ15: 0
A16: 北海 | B16: =VLOOKUP(A16,Sheet2!A:G,2,FALSE) -> 1504.43 | C16: =VLOOKUP(A16,Sheet2!$A:$H,3,FALSE) -> 5 | D16: =VLOOKUP(A16,Sheet4!A:Q,13,FALSE) -> 7.95 | E16: =VLOOKUP(A16,Sheet4!A:C,3,FALSE) -> 71.8 | F16: =VLOOKUP(A16,Sheet4!A:F,6,FALSE) -> 40.29 | G16: =VLOOKUP(A16,Sheet4!A:D,4,FALSE) -> 30.5 | H16: =VLOOKUP(A16,Sheet4!A:H,8,FALSE) -> 85.98 | I16: =VLOOKUP(A16,Sheet2!$A:$H,7,FALSE) -> 192000 | J16: 89 | K16: 133 | L16: 1 | M16: 1 | N16: 109.09643 | O16: 21.473671 | P16: 2 | Q16: 3 | R16: 0 | S16: 1 | T16: 0 | U16: 1 | V16: 0 | W16: 0 | X16: 0 | Y16: 0 | Z16: 0 | AA16: 0 | AB16: 0 | AC16: 0 | AD16: 0 | AE16: 0 | AF16: 0 | AG16: 0 | AH16: 0 | AI16: 0 | AJ16: 0 | AK16: 0 | AL16: 0 | AM16: 0 | AN16: 0 | AO16: 0 | AP16: 0 | AQ16: 0 | AR16: 1 | AS16: 779 | AT16: 470000 | AU16: 2 | AV16: 5300 | AW16: 54 | AX16: 87 | AY16: 0 | AZ16: 0
A17: 北海 | B17: =VLOOKUP(A17,Sheet2!A:G,2,FALSE) -> 1504.43 | C17: =VLOOKUP(A17,Sheet2!$A:$H,3,FALSE) -> 5 | D17: =VLOOKUP(A17,Sheet4!A:Q,13,FALSE) -> 7.95 | E17: =VLOOKUP(A17,Sheet4!A:C,3,FALSE) -> 71.8 | F17: =VLOOKUP(A17,Sheet4!A:F,6,FALSE) -> 40.29 | G17: =VLOOKUP(A17,Sheet4!A:D,4,FALSE) -> 30.5 | H17: =VLOOKUP(A17,Sheet4!A:H,8,FALSE) -> 85.98 | I17: =VLOOKUP(A17,Sheet2!$A:$H,7,FALSE) -> 192000 | J17: 40 | K17: 76 | L17: 1 | M17: 0 | N17: 109.09954 | O17: 21.447418 | P17: 1 | Q17: 3 | R17: 1 | S17: 0 | T17: 1 | U17: 1 | V17: 0 | W17: 0 | X17: 0 | Y17: 0 | Z17: 0 | AA17: 0 | AB17: 0 | AC17: 0 | AD17: 0 | AE17: 0 | AF17: 0 | AG17: 0 | AH17: 0 | AI17: 0 | AJ17: 0 | AK17: 0 | AL17: 0 | AM17: 0 | AN17: 0 | AO17: 0 | AP17: 0 | AQ17: 0 | AR17: 1 | AS17: 1533 | AT17: 350000 | AU17: 2 | AV17: 8200 | AW17: 33 | AX17: 82 | AY17: 0 | AZ17: 0
A18: 北海 | B18: =VLOOKUP(A18,Sheet2!A:G,2,FALSE) -> 1504.43 | C18: =VLOOKUP(A18,Sheet2!$A:$H,3,FALSE) -> 5 | D18: =VLOOKUP(A18,Sheet4!A:Q,13,FALSE) -> 7.95 | E18: =VLOOKUP(A18,Sheet4!A:C,3,FALSE) -> 71.8 | F18: =VLOOKUP(A18,Sheet4!A:F,6,FALSE) -> 40.29 | G18: =VLOOKUP(A18,Sheet4!A:D,4,FALSE) -> 30.5 | H18: =VLOOKUP(A18,Sheet4!A:H,8,FALSE) -> 85.98 | I18: =VLOOKUP(A18,Sheet2!$A:$H,7,FALSE) -> 192000 | J18: 50 | K18: 100 | L18: 1 | M18: 0 | N18: 109.16712 | O18: 21.428873 | P18: 1 | Q18: 3 | R18: 1 | S18: 1 | T18: 1 | U18: 0 | V18: 1 | W18: 0 | X18: 0 | Y18: 0 | Z18: 0 | AA18: 0 | AB18: 0 | AC18: 0 | AD18: 0 | AE18: 0 | AF18: 0 | AG18: 0 | AH18: 0 | AI18: 0 | AJ18: 0 | AK18: 0 | AL18: 0 | AM18: 0 | AN18: 0 | AO18: 0 | AP18: 0 | AQ18: 0 | AR18: 1 | AS18: 1423 | AT18: 750000 | AU18: 0 | AV18: 10000 | AW18: 57 | AX18: 130 | AY18: 0 | AZ18: 0
A19: 北海 | B19: =VLOOKUP(A19,Sheet2!A:G,2,FALSE) -> 1504.43 | C19: =VLOOKUP(A19,Sheet2!$A:$H,3,FALSE) -> 5 | D19: =VLOOKUP(A19,Sheet4!A:Q,13,FALSE) -> 7.95 | E19: =VLOOKUP(A19,Sheet4!A:C,3,FALSE) -> 71.8 | F19: =VLOOKUP(A19,Sheet4!A:F,6,FALSE) -> 40.29 | G19: =VLOOKUP(A19,Sheet4!A:D,4,FALSE) -> 30.5 | H19: =VLOOKUP(A19,Sheet4!A:H,8,FALSE) -> 85.98 | I19: =VLOOKUP(A19,Sheet2!$A:$H,7,FALSE) -> 192000 | J19: 79 | K19: 121 | L19: 1 | M19: 0 | N19: 109.14781 | O19: 21.500189 | P19: 2 | Q19: 3 | R19: 0 | S19: 1 | T19: 1 | U19: 1 | V19: 0 | W19: 0 | X19: 0 | Y19: 0 | Z19: 0 | AA19: 0 | AB19: 0 | AC19: 0 | AD19: 0 | AE19: 0 | AF19: 0 | AG19: 0 | AH19: 0 | AI19: 0 | AJ19: 0 | AK19: 0 | AL19: 0 | AM19: 0 | AN19: 0 | AO19: 0 | AP19: 0 | AQ19: 0 | AR19: 0 | AS19: 1449 | AT19: 890000 | AU19: 2 | AV19: 11000 | AW19: 90 | AX19: 157 | AY19: 0 | AZ19: 0
A20: 北海 | B20: =VLOOKUP(A20,Sheet2!A:G,2,FALSE) -> 1504.43 | C20: =VLOOKUP(A20,Sheet2!$A:$H,3,FALSE) -> 5 | D20: =VLOOKUP(A20,Sheet4!A:Q,13,FALSE) -> 7.95 | E20: =VLOOKUP(A20,Sheet4!A:C,3,FALSE) -> 71.8 | F20: =VLOOKUP(A20,Sheet4!A:F,6,FALSE) -> 40.29 | G20: =VLOOKUP(A20,Sheet4!A:D,4,FALSE) -> 30.5 | H20: =VLOOKUP(A20,Sheet4!A:H,8,FALSE) -> 85.98 | I20: =VLOOKUP(A20,Sheet2!$A:$H,7,FALSE) -> 192000 | J20: 55 | K20: 139 | L20: 1 | M20: 1 | N20: 109.10086 | O20: 21.44504 | P20: 1 | Q20: 3 | R20: 1 | S20: 0 | T20: 0 | U20: 1 | V20: 0 | W20: 0 | X20: 0 | Y20: 0 | Z20: 0 | AA20: 0 | AB20: 0 | AC20: 0 | AD20: 0 | AE20: 0 | AF20: 0 | AG20: 0 | AH20: 0 | AI20: 0 | AJ20: 0 | AK20: 0 | AL20: 0 | AM20: 0 | AN20: 0 | AO20: 0 | AP20: 0 | AQ20: 0 | AR20: 1 | AS20: 1480 | AT20: 450000 | AU20: 0 | AV20: 5300 | AW20: 31 | AX20: 100 | AY20: 0 | AZ20: 0
A21: 北京 | B21: =VLOOKUP(A21,Sheet2!A:G,2,FALSE) -> 40269.55 | C21: =VLOOKUP(A21,Sheet2!$A:$H,3,FALSE) -> 1 | D21: 116.24 | E21: =VLOOKUP(A21,Sheet4!A:C,3,FALSE) -> 2188.6 | F21: =VLOOKUP(A21,Sheet4!A:F,6,FALSE) -> 1916.10 | G21: 841.8 | H21: 149.05 | I21: =VLOOKUP(A21,Sheet2!$A:$H,7,FALSE) -> 257600 | J21: 220 | K21: 260 | L21: 0 | M21: 1 | N21: 117.20675 | O21: 40.118125 | P21: 3 | Q21: 3 | R21: 0 | S21: 0 | T21: 0 | U21: 0 | V21: 0 | W21: 0 | X21: 0 | Y21: 0 | Z21: 0 | AA21: 0 | AB21: 0 | AC21: 0 | AD21: 0 | AE21: 0 | AF21: 0 | AG21: 1 | AH21: 0 | AI21: 0 | AJ21: 0 | AK21: 0 | AL21: 0 | AM21: 0 | AN21: 0 | AO21: 0 | AP21: 1 | AQ21: 0 | AR21: 1 | AS21: 1672 | AT21: 3650000 | AU21: 2 | AV21: 16000 | AW21: 300 | AX21: 380 | AY21: 0 | AZ21: 0
A22: 北京 | B22: =VLOOKUP(A22,Sheet2!A:G,2,FALSE) -> 40269.55 | C22: =VLOOKUP(A22,Sheet2!$A:$H,3,FALSE) -> 1 | D22: 116.24 | E22: =VLOOKUP(A22,Sheet4!A:C,3,FALSE) -> 2188.6 | F22: =VLOOKUP(A22,Sheet4!A:F,6,FALSE) -> 1916.10 | G22: 841.8 | H22: 149.05 | I22: =VLOOKUP(A22,Sheet2!$A:$H,7,FALSE) -> 257600 | J22: 185 | K22: 199 | L22: 0 | M22: 1 | N22: 116.16326 | O22: 39.726111 | P22: 3 | Q22: 4 | R22: 0 | S22: 0 | T22: 0 | U22: 0 | V22: 0 | W22: 0 | X22: 0 | Y22: 0 | Z22: 0 | AA22: 0 | AB22: 0 | AC22: 0 | AD22: 0 | AE22: 0 | AF22: 1 | AG22: 1 | AH22: 0 | AI22: 0 | AJ22: 0 | AK22: 0 | AL22: 0 | AM22: 0 | AN22: 0 | AO22: 0 | AP22: 1 | AQ22: 0 | AR22: 1 | AS22: 1663 | AT22: 11000000 | AU22: 2 | AV22: 58000 | AW22: 1100 | AX22: 1300 | AY22: 0 | AZ22: 0
A23: 北京 | B23: =VLOOKUP(A23,Sheet2!A:G,2,FALSE) -> 40269.55 | C23: =VLOOKUP(A23,Sheet2!$A:$H,3,FALSE) -> 1 | D23: 116.24 | E23: =VLOOKUP(A23,Sheet4!A:C,3,FALSE) -> 2188.6 | F23: =VLOOKUP(A23,Sheet4!A:F,6,FALSE) -> 1916.10 | G23: 841.8 | H23: 149.05 | I23: =VLOOKUP(A23,Sheet2!$A:$H,7,FALSE) -> 257600 | J23: 107 | K23: 360 | L23: 0 | M23: 0 | N23: 116.5124 | O23: 40.217544 | P23: 2 | Q23: 5 | R23: 0 | S23: 0 | T23: 0 | U23: 0 | V23: 0 | W23: 0 | X23: 0 | Y23: 0 | Z23: 0 | AA23: 0 | AB23: 0 | AC23: 0 | AD23: 0 | AE23: 0 | AF23: 0 | AG23: 1 | AH23: 0 | AI23: 0 | AJ23: 0 | AK23: 0 | AL23: 0 | AM23: 0 | AN23: 0 | AO23: 0 | AP23: 2 | AQ23: 0 | AR23: 0 | AS23: 2492 | AT23: 2980000 | AU23: 2 | AV23: 27000 | AW23: 410 | AX23: 1690 | AY23: 0 | AZ23: 0
A24: 北京 | B24: =VLOOKUP(A24,Sheet2!A:G,2,FALSE) -> 40269.55 | C24: =VLOOKUP(A24,Sheet2!$A:$H,3,FALSE) -> 1 | D24: 116.24 | E24: =VLOOKUP(A24,Sheet4!A:C,3,FALSE) -> 2188.6 | F24: =VLOOKUP(A24,Sheet4!A:F,6,FALSE) -> 1916.10 | G24: 841.8 | H24: 149.05 | I24: =VLOOKUP(A24,Sheet2!$A:$H,7,FALSE) -> 257600 | J24: 100 | K24: 166 | L24: 0 | M24: 0 | N24: 116.6583 | O24: 39.956566 | P24: 2 | Q24: 4 | R24: 0 | S24: 0 | T24: 1 | U24: 0 | V24: 0 | W24: 0 | X24: 0 | Y24: 0 | Z24: 0 | AA24: 0 | AB24: 0 | AC24: 0 | AD24: 0 | AE24: 0 | AF24: 0 | AG24: 1 | AH24: 0 | AI24: 0 | AJ24: 0 | AK24: 0 | AL24: 0 | AM24: 0 | AN24: 0 | AO24: 0 | AP24: 0 | AQ24: 0 | AR24: 1 | AS24: 1266 | AT24: 4900000 | AU24: 2 | AV24: 49000 | AW24: 500 | AX24: 960 | AY24: 1 | AZ24: 0
A25: 北京 | B25: =VLOOKUP(A25,Sheet2!A:G,2,FALSE) -> 40269.55 | C25: =VLOOKUP(A25,Sheet2!$A:$H,3,FALSE) -> 1 | D25: 116.24 | E25: =VLOOKUP(A25,Sheet4!A:C,3,FALSE) -> 2188.6 | F25: =VLOOKUP(A25,Sheet4!A:F,6,FALSE) -> 1916.10 | G25: 841.8 | H25: 149.05 | I25: =VLOOKUP(A25,Sheet2!$A:$H,7,FALSE) -> 257600 | J25: 166 | K25: 228 | L25: 0 | M25: 0 | N25: 116.20045 | O25: 39.725154 | P25: 3 | Q25: 4 | R25: 0 | S25: 1 | T25: 0 | U25: 0 | V25: 1 | W25: 0 | X25: 0 | Y25: 0 | Z25: 0 | AA25: 0 | AB25: 0 | AC25: 0 | AD25: 0 | AE25: 0 | AF25: 0 | AG25: 0 | AH25: 0 | AI25: 0 | AJ25: 0 | AK25: 0 | AL25: 0 | AM25: 0 | AN25: 0 | AO25: 0 | AP25: 0 | AQ25: 0 | AR25: 1 | AS25: 1834 | AT25: 8400000 | AU25: 2 | AV25: 50000 | AW25: 830 | AX25: 1300 | AY25: 0 | AZ25: 0
A26: 北京 | B26: =VLOOKUP(A26,Sheet2!A:G,2,FALSE) -> 40269.55 | C26: =VLOOKUP(A26,Sheet2!$A:$H,3,FALSE) -> 1 | D26: 116.24 | E26: =VLOOKUP(A26,Sheet4!A:C,3,FALSE) -> 2188.6 | F26: =VLOOKUP(A26,Sheet4!A:F,6,FALSE) -> 1916.10 | G26: 841.8 | H26: 149.05 | I26: =VLOOKUP(A26,Sheet2!$A:$H,7,FALSE) -> 257600 | J26: 45 | K26: 95 | L26: 0 | M26: 0 | N26: 116.36475 | O26: 39.775778 | P26: 1 | Q26: 3 | R26: 0 | S26: 0 | T26: 1 | U26: 1 | V26: 0 | W26: 0 | X26: 0 | Y26: 0 | Z26: 0 | AA26: 0 | AB26: 0 | AC26: 0 | AD26: 0 | AE26: 0 | AF26: 0 | AG26: 1 | AH26: 0 | AI26: 0 | AJ26: 0 | AK26: 0 | AL26: 0 | AM26: 0 | AN26: 0 | AO26: 0 | AP26: 2 | AQ26: 0 | AR26: 0 | AS26: 1754 | AT26: 2200000 | AU26: 2 | AV26: 27000 | AW26: 122 | AX26: 258 | AY26: 0 | AZ26: 0
A27: 北京 | B27: =VLOOKUP(A27,Sheet2!A:G,2,FALSE) -> 40269.55 | C27: =VLOOKUP(A27,Sheet2!$A:$H,3,FALSE) -> 1 | D27: 116.24 | E27: =VLOOKUP(A27,Sheet4!A:C,3,FALSE) -> 2188.6 | F27: =VLOOKUP(A27,Sheet4!A:F,6,FALSE) -> 1916.10 | G27: 841.8 | H27: 149.05 | I27: =VLOOKUP(A27,Sheet2!$A:$H,7,FALSE) -> 257600 | J27: 300 | K27: 536 | L27: 0 | M27: 1 | N27: 116.38862 | O27: 40.192075 | P27: 4 | Q27: 5 | R27: 1 | S27: 0 | T27: 0 | U27: 0 | V27: 0 | W27: 0 | X27: 0 | Y27: 0 | Z27: 0 | AA27: 0 | AB27: 0 | AC27: 0 | AD27: 0 | AE27: 0 | AF27: 0 | AG27: 1 | AH27: 0 | AI27: 0 | AJ27: 0 | AK27: 0 | AL27: 0 | AM27: 0 | AN27: 0 | AO27: 0 | AP27: 1 | AQ27: 0 | AR27: 1 | AS27: 2394 | AT27: 20000000 | AU27: 2 | AV27: 40000 | AW27: 1966 | AX27: 8800 | AY27: 0 | AZ27: 0
A28: 北京 | B28: =VLOOKUP(A28,Sheet2!A:G,2,FALSE) -> 40269.55 | C28: =VLOOKUP(A28,Sheet2!$A:$H,3,FALSE) -> 1 | D28: 116.24 | E28: =VLOOKUP(A28,Sheet4!A:C,3,FALSE) -> 2188.6 | F28: =VLOOKUP(A28,Sheet4!A:F,6,FALSE) -> 1916.10 | G28: 841.8 | H28: 149.05 | I28: =VLOOKUP(A28,Sheet2!$A:$H,7,FALSE) -> 257600 | J28: 115 | K28: 293 | L28: 0 | M28: 1 | N28: 116.17358 | O28: 39.769564 | P28: 3 | Q28: 5 | R28: 0 | S28: 0 | T28: 0 | U28: 1 | V28: 0 | W28: 0 | X28: 0 | Y28: 0 | Z28: 0 | AA28: 0 | AB28: 0 | AC28: 0 | AD28: 0 | AE28: 0 | AF28: 0 | AG28: 1 | AH28: 0 | AI28: 0 | AJ28: 0 | AK28: 0 | AL28: 0 | AM28: 1 | AN28: 0 | AO28: 0 | AP28: 0 | AQ28: 0 | AR28: 1 | AS28: 1428 | AT28: 4800000 | AU28: 2 | AV28: 38000 | AW28: 420 | AX28: 1000 | AY28: 0 | AZ28: 0
A29: 北京 | B29: =VLOOKUP(A29,Sheet2!A:G,2,FALSE) -> 40269.55 | C29: =VLOOKUP(A29,Sheet2!$A:$H,3,FALSE) -> 1 | D29: 116.24 | E29: =VLOOKUP(A29,Sheet4!A:C,3,FALSE) -> 2188.6 | F29: =VLOOKUP(A29,Sheet4!A:F,6,FALSE) -> 1916.10 | G29: 841.8 | H29: 149.05 | I29: =VLOOKUP(A29,Sheet2!$A:$H,7,FALSE) -> 257600 | J29: 208 | K29: 320 | L29: 0 | M29: 1 | N29: 116.06243 | O29: 39.884959 | P29: 3 | Q29: 4 | R29: 0 | S29: 0 | T29: 1 | U29: 0 | V29: 0 | W29: 0 | X29: 0 | Y29: 0 | Z29: 0 | AA29: 0 | AB29: 0 | AC29: 0 | AD29: 0 | AE29: 0 | AF29: 0 | AG29: 0 | AH29: 0 | AI29: 0 | AJ29: 0 | AK29: 0 | AL29: 0 | AM29: 1 | AN29: 0 | AO29: 0 | AP29: 1 | AQ29: 0 | AR29: 1 | AS29: 1869 | AT29: 14000000 | AU29: 2 | AV29: 45000 | AW29: 1250 | AX29: 1870 | AY29: 1 | AZ29: 0
A30: 北京 | B30: =VLOOKUP(A30,Sheet2!A:G,2,FALSE) -> 40269.55 | C30: =VLOOKUP(A30,Sheet2!$A:$H,3,FALSE) -> 1 | D30: 116.24 | E30: =VLOOKUP(A30,Sheet4!A:C,3,FALSE) -> 2188.6 | F30: =VLOOKUP(A30,Sheet4!A:F,6,FALSE) -> 1916.10 | G30: 841.8 | H30: 149.05 | I30: =VLOOKUP(A30,Sheet2!$A:$H,7,FALSE) -> 257600 | J30: 290 | K30: 330 | L30: 0 | M30: 1 | N30: 116.17126 | O30: 39.743572 | P30: 3 | Q30: 5 | R30: 0 | S30: 0 | T30: 1 | U30: 1 | V30: 0 | W30: 0 | X30: 0 | Y30: 0 | Z30: 0 | AA30: 0 | AB30: 0 | AC30: 0 | AD30: 0 | AE30: 0 | AF30: 1 | AG30: 0 | AH30: 0 | AI30: 0 | AJ30: 0 | AK30: 0 | AL30: 0 | AM30: 0 | AN30: 0 | AO30: 0 | AP30: 1 | AQ30: 0 | AR30: 1 | AS30: 2058 | AT30: 12500000 | AU30: 2 | AV30: 40000 | AW30: 1150 | AX30: 1400 | AY30: 1 | AZ30: 0
A31: 长春 | B31: =VLOOKUP(A31,Sheet2!A:G,2,FALSE) -> 7103.1 | C31: =VLOOKUP(A31,Sheet2!$A:$H,3,FALSE) -> 0 | D31: =VLOOKUP(A31,Sheet4!A:Q,13,FALSE) -> 133.47 | E31: =VLOOKUP(A31,Sheet4!A:C,3,FALSE) -> 447.4 | F31: =VLOOKUP(A31,Sheet4!A:F,6,FALSE) -> 364.67 | G31: =VLOOKUP(A31,Sheet4!A:D,4,FALSE) -> 125.8 | H31: =VLOOKUP(A31,Sheet4!A:H,8,FALSE) -> 562.42 | I31: =VLOOKUP(A31,Sheet2!$A:$H,7,FALSE) -> 514593 | J31: 82 | K31: 119 | L31: 0 | M31: 1 | N31: 125.24502 | O31: 44.008173 | P31: 2 | Q31: 3 | R31: 1 | S31: 1 | T31: 1 | U31: 0 | V31: 0 | W31: 0 | X31: 0 | Y31: 0 | Z31: 0 | AA31: 0 | AB31: 0 | AC31: 0 | AD31: 0 | AE31: 0 | AF31: 0 | AG31: 0 | AH31: 0 | AI31: 0 | AJ31: 0 | AK31: 0 | AL31: 0 | AM31: 0 | AN31: 0 | AO31: 1 | AP31: 0 | AQ31: 0 | AR31: 1 | AS31: 1370 | AT31: 700000 | AU31: 0 | AV31: 8500 | AW31: 69 | AX31: =AW31+60 -> 129 | AY31: 0 | AZ31: 0
A32: 长春 | B32: =VLOOKUP(A32,Sheet2!A:G,2,FALSE) -> 7103.1 | C32: =VLOOKUP(A32,Sheet2!$A:$H,3,FALSE) -> 0 | D32: =VLOOKUP(A32,Sheet4!A:Q,13,FALSE) -> 133.47 | E32: =VLOOKUP(A32,Sheet4!A:C,3,FALSE) -> 447.4 | F32: =VLOOKUP(A32,Sheet4!A:F,6,FALSE) -> 364.67 | G32: =VLOOKUP(A32,Sheet4!A:D,4,FALSE) -> 125.8 | H32: =VLOOKUP(A32,Sheet4!A:H,8,FALSE) -> 562.42 | I32: =VLOOKUP(A32,Sheet2!$A:$H,7,FALSE) -> 514593 | J32: 78 | K32: 139 | L32: 0 | M32: 1 | N32: 125.18357 | O32: 44.081683 | P32: 2 | Q32: 3 | R32: 0 | S32: 1 | T32: 0 | U32: 0 | V32: 1 | W32: 0 | X32: 0 | Y32: 0 | Z32: 1 | AA32: 0 | AB32: 0 | AC32: 0 | AD32: 0 | AE32: 0 | AF32: 0 | AG32: 0 | AH32: 0 | AI32: 0 | AJ32: 0 | AK32: 0 | AL32: 0 | AM32: 0 | AN32: 0 | AO32: 0 | AP32: 0 | AQ32: 0 | AR32: 0 | AS32: 1467 | AT32: 440000 | AU32: 0 | AV32: 5100 | AW32: 33.81 | AX32: 61 | AY32: 0 | AZ32: 0
A33: 长春 | B33: =VLOOKUP(A33,Sheet2!A:G,2,FALSE) -> 7103.1 | C33: =VLOOKUP(A33,Sheet2!$A:$H,3,FALSE) -> 0 | D33: =VLOOKUP(A33,Sheet4!A:Q,13,FALSE) -> 133.47 | E33: =VLOOKUP(A33,Sheet4!A:C,3,FALSE) -> 447.4 | F33: =VLOOKUP(A33,Sheet4!A:F,6,FALSE) -> 364.67 | G33: =VLOOKUP(A33,Sheet4!A:D,4,FALSE) -> 125.8 | H33: =VLOOKUP(A33,Sheet4!A:H,8,FALSE) -> 562.42 | I33: =VLOOKUP(A33,Sheet2!$A:$H,7,FALSE) -> 514593 | J33: 83 | K33: 83 | L33: 0 | M33: 1 | N33: 125.26503 | O33: 44.017641 | P33: 2 | Q33: 2 | R33: 1 | S33: 0 | T33: 1 | U33: 0 | V33: 0 | W33: 0 | X33: 0 | Y33: 0 | Z33: 0 | AA33: 0 | AB33: 0 | AC33: 0 | AD33: 0 | AE33: 0 | AF33: 0 | AG33: 0 | AH33: 0 | AI33: 0 | AJ33: 0 | AK33: 0 | AL33: 0 | AM33: 0 | AN33: 0 | AO33: 0 | AP33: 0 | AQ33: 0 | AR33: 1 | AS33: 1002 | AT33: 610000 | AU33: 0 | AV33: 7300 | AW33: 63 | AX33: =AW33+60 -> 123 | AY33: 0 | AZ33: 0
A34: 长春 | B34: =VLOOKUP(A34,Sheet2!A:G,2,FALSE) -> 7103.1 | C34: =VLOOKUP(A34,Sheet2!$A:$H,3,FALSE) -> 0 | D34: =VLOOKUP(A34,Sheet4!A:Q,13,FALSE) -> 133.47 | E34: =VLOOKUP(A34,Sheet4!A:C,3,FALSE) -> 447.4 | F34: =VLOOKUP(A34,Sheet4!A:F,6,FALSE) -> 364.67 | G34: =VLOOKUP(A34,Sheet4!A:D,4,FALSE) -> 125.8 | H34: =VLOOKUP(A34,Sheet4!A:H,8,FALSE) -> 562.42 | I34: =VLOOKUP(A34,Sheet2!$A:$H,7,FALSE) -> 514593 | J34: 118 | K34: 156 | L34: 1 | M34: 1 | N34: 125.42528 | O34: 43.778276 | P34: 1 | Q34: 3 | R34: 0 | S34: 1 | T34: 0 | U34: 0 | V34: 0 | W34: 0 | X34: 0 | Y34: 0 | Z34: 1 | AA34: 0 | AB34: 0 | AC34: 0 | AD34: 0 | AE34: 1 | AF34: 0 | AG34: 0 | AH34: 0 | AI34: 0 | AJ34: 0 | AK34: 0 | AL34: 0 | AM34: 0 | AN34: 1 | AO34: 0 | AP34: 0 | AQ34: 0 | AR34: 0 | AS34: 1611 | AT34: 1200000 | AU34: 0 | AV34: 12500 | AW34: 120 | AX34: 156 | AY34: 0 | AZ34: 0
A35: 长春 | B35: =VLOOKUP(A35,Sheet2!A:G,2,FALSE) -> 7103.1 | C35: =VLOOKUP(A35,Sheet2!$A:$H,3,FALSE) -> 0 | D35: =VLOOKUP(A35,Sheet4!A:Q,13,FALSE) -> 133.47 | E35: =VLOOKUP(A35,Sheet4!A:C,3,FALSE) -> 447.4 | F35: =VLOOKUP(A35,Sheet4!A:F,6,FALSE) -> 364.67 | G35: =VLOOKUP(A35,Sheet4!A:D,4,FALSE) -> 125.8 | H35: =VLOOKUP(A35,Sheet4!A:H,8,FALSE) -> 562.42 | I35: =VLOOKUP(A35,Sheet2!$A:$H,7,FALSE) -> 514593 | J35: 70 | K35: 154 | L35: 0 | M35: 1 | N35: 125.39104 | O35: 43.927696 | P35: 2 | Q35: 4 | R35: 1 | S35: 0 | T35: 1 | U35: 0 | V35: 1 | W35: 0 | X35: 0 | Y35: 0 | Z35: 0 | AA35: 0 | AB35: 0 | AC35: 0 | AD35: 0 | AE35: 0 | AF35: 0 | AG35: 0 | AH35: 0 | AI35: 0 | AJ35: 0 | AK35: 0 | AL35: 1 | AM35: 0 | AN35: 0 | AO35: 0 | AP35: 0 | AQ35: 0 | AR35: 1 | AS35: 992 | AT35: 740000 | AU35: 2 | AV35: 8000 | AW35: 63 | AX35: 140 | AY35: 0 | AZ35: 0
A36: 长春 | B36: =VLOOKUP(A36,Sheet2!A:G,2,FALSE) -> 7103.1 | C36: =VLOOKUP(A36,Sheet2!$A:$H,3,FALSE) -> 0 | D36: =VLOOKUP(A36,Sheet4!A:Q,13,FALSE) -> 133.47 | E36: =VLOOKUP(A36,Sheet4!A:C,3,FALSE) -> 447.4 | F36: =VLOOKUP(A36,Sheet4!A:F,6,FALSE) -> 364.67 | G36: =VLOOKUP(A36,Sheet4!A:D,4,FALSE) -> 125.8 | H36: =VLOOKUP(A36,Sheet4!A:H,8,FALSE) -> 562.42 | I36: =VLOOKUP(A36,Sheet2!$A:$H,7,FALSE) -> 514593 | J36: 88 | K36: 128 | L36: 0 | M36: 0 | N36: 125.36396 | O36: 43.914998 | P36: 2 | Q36: 3 | R36: 0 | S36: 0 | T36: 0 | U36: 0 | V36: 1 | W36: 0 | X36: 0 | Y36: 0 | Z36: 0 | AA36: 0 | AB36: 0 | AC36: 0 | AD36: 0 | AE36: 0 | AF36: 1 | AG36: 0 | AH36: 0 | AI36: 0 | AJ36: 0 | AK36: 0 | AL36: 0 | AM36: 1 | AN36: 0 | AO36: 0 | AP36: 0 | AQ36: 0 | AR36: 1 | AS36: 960 | AT36: 1300000 | AU36: 2 | AV36: 12000 | AW36: 110 | AX36: 130 | AY36: 0 | AZ36: 0
A37: 长春 | B37: =VLOOKUP(A37,Sheet2!A:G,2,FALSE) -> 7103.1 | C37: =VLOOKUP(A37,Sheet2!$A:$H,3,FALSE) -> 0 | D37: =VLOOKUP(A37,Sheet4!A:Q,13,FALSE) -> 133.47 | E37: =VLOOKUP(A37,Sheet4!A:C,3,FALSE) -> 447.4 | F37: =VLOOKUP(A37,Sheet4!A:F,6,FALSE) -> 364.67 | G37: =VLOOKUP(A37,Sheet4!A:D,4,FALSE) -> 125.8 | H37: =VLOOKUP(A37,Sheet4!A:H,8,FALSE) -> 562.42 | I37: =VLOOKUP(A37,Sheet2!$A:$H,7,FALSE) -> 514593 | J37: 345 | K37: 370 | L37: 1 | M37: 1 | N37: 125.41094 | O37: 43.771293 | P37: 5 | Q37: 5 | R37: 1 | S37: 1 | T37: 0 | U37: 0 | V37: 0 | W37: 0 | X37: 0 | Y37: 0 | Z37: 1 | AA37: 0 | AB37: 0 | AC37: 0 | AD37: 0 | AE37: 0 | AF37: 0 | AG37: 0 | AH37: 0 | AI37: 0 | AJ37: 0 | AK37: 0 | AL37: 0 | AM37: 0 | AN37: 1 | AO37: 0 | AP37: 1 | AQ37: 0 | AR37: 0 | AS37: 1554 | AT37: 5500000 | AU37: 0 | AV37: 16000 | AW37: 500 | AX37: =AW37+60 -> 560 | AY37: 0 | AZ37: 0
A38: 长春 | B38: =VLOOKUP(A38,Sheet2!A:G,2,FALSE) -> 7103.1 | C38: =VLOOKUP(A38,Sheet2!$A:$H,3,FALSE) -> 0 | D38: =VLOOKUP(A38,Sheet4!A:Q,13,FALSE) -> 133.47 | E38: =VLOOKUP(A38,Sheet4!A:C,3,FALSE) -> 447.4 | F38: =VLOOKUP(A38,Sheet4!A:F,6,FALSE) -> 364.67 | G38: =VLOOKUP(A38,Sheet4!A:D,4,FALSE) -> 125.8 | H38: =VLOOKUP(A38,Sheet4!A:H,8,FALSE) -> 562.42 | I38: =VLOOKUP(A38,Sheet2!$A:$H,7,FALSE) -> 514593 | J38: 108 | K38: 147 | L38: 0 | M38: 0 | N38: 125.40355 | O38: 43.980534 | P38: 3 | Q38: 3 | R38: 1 | S38: 1 | T38: 1 | U38: 0 | V38: 0 | W38: 0 | X38: 0 | Y38: 0 | Z38: 0 | AA38: 0 | AB38: 0 | AC38: 0 | AD38: 0 | AE38: 0 | AF38: 0 | AG38: 0 | AH38: 0 | AI38: 0 | AJ38: 0 | AK38: 0 | AL38: 0 | AM38: 0 | AN38: 1 | AO38: 0 | AP38: 0 | AQ38: 0 | AR38: 1 | AS38: 1451 | AT38: 1250000 | AU38: 0 | AV38: 10500 | AW38: 123 | AX38: =AW38+60 -> 183 | AY38: 0 | AZ38: 0
A39: 长春 | B39: =VLOOKUP(A39,Sheet2!A:G,2,FALSE) -> 7103.1 | C39: =VLOOKUP(A39,Sheet2!$A:$H,3,FALSE) -> 0 | D39: =VLOOKUP(A39,Sheet4!A:Q,13,FALSE) -> 133.47 | E39: =VLOOKUP(A39,Sheet4!A:C,3,FALSE) -> 447.4 | F39: =VLOOKUP(A39,Sheet4!A:F,6,FALSE) -> 364.67 | G39: =VLOOKUP(A39,Sheet4!A:D,4,FALSE) -> 125.8 | H39: =VLOOKUP(A39,Sheet4!A:H,8,FALSE) -> 562.42 | I39: =VLOOKUP(A39,Sheet2!$A:$H,7,FALSE) -> 514593 | J39: 115 | K39: 149 | L39: 1 | M39: 0 | N39: 125.39142 | O39: 43.828758 | P39: 3 | Q39: 4 | R39: 1 | S39: 1 | T39: 0 | U39: 1 | V39: 0 | W39: 0 | X39: 0 | Y39: 0 | Z39: 1 | AA39: 0 | AB39: 0 | AC39: 0 | AD39: 0 | AE39: 0 | AF39: 0 | AG39: 0 | AH39: 0 | AI39: 0 | AJ39: 0 | AK39: 0 | AL39: 0 | AM39: 0 | AN39: 0 | AO39: 0 | AP39: 0 | AQ39: 0 | AR39: 1 | AS39: 863 | AT39: 1300000 | AU39: 2 | AV39: 12000 | AW39: 130 | AX39: =AW39+60 -> 190 | AY39: 0 | AZ39: 0
A40: 滁州 | B40: 3362.1 | C40: 2 | D40: =VLOOKUP(A40,Sheet4!A:Q,13,FALSE) -> 30.87 | E40: =VLOOKUP(A40,Sheet4!A:C,3,FALSE) -> 78.0 | F40: =VLOOKUP(A40,Sheet4!A:F,6,FALSE) -> 64.62 | G40: =VLOOKUP(A40,Sheet6!A:D,4,FALSE) -> 20.6 | H40: =VLOOKUP(A40,Sheet4!A:H,8,FALSE) -> 110.59 | I40: 628600 | J40: 94 | K40: 124 | L40: 1 | M40: 1 | N40: 118.49527 | O40: 32.18249 | P40: 3 | Q40: 4 | R40: 1 | S40: 1 | T40: 1 | U40: 0 | V40: 1 | W40: 0 | X40: 0 | Y40: 0 | Z40: 0 | AA40: 0 | AB40: 0 | AC40: 0 | AD40: 0 | AE40: 0 | AF40: 0 | AG40: 0 | AH40: 0 | AI40: 0 | AJ40: 0 | AK40: 0 | AL40: 0 | AM40: 0 | AN40: 0 | AO40: 0 | AP40: 0 | AQ40: 0 | AR40: 0 | AS40: 1728 | AT40: 650000 | AU40: 0 | AV40: 7800 | AW40: 65 | AX40: 95 | AY40: 0 | AZ40: 0
A41: 滁州 | B41: 3362.1 | C41: 2 | D41: =VLOOKUP(A41,Sheet4!A:Q,13,FALSE) -> 30.87 | E41: =VLOOKUP(A41,Sheet4!A:C,3,FALSE) -> 78.0 | F41: =VLOOKUP(A41,Sheet4!A:F,6,FALSE) -> 64.62 | G41: =VLOOKUP(A41,Sheet6!A:D,4,FALSE) -> 20.6 | H41: =VLOOKUP(A41,Sheet4!A:H,8,FALSE) -> 110.59 | I41: 628600 | J41: 112 | K41: 145 | L41: 1 | M41: 1 | N41: 118.45557 | O41: 32.19046 | P41: 3 | Q41: 4 | R41: 1 | S41: 1 | T41: 0 | U41: 0 | V41: 0 | W41: 0 | X41: 0 | Y41: 0 | Z41: 0 | AA41: 0 | AB41: 0 | AC41: 0 | AD41: 0 | AE41: 0 | AF41: 0 | AG41: 0 | AH41: 0 | AI41: 0 | AJ41: 0 | AK41: 0 | AL41: 0 | AM41: 0 | AN41: 0 | AO41: 1 | AP41: 0 | AQ41: 0 | AR41: 0 | AS41: 1684 | AT41: 700000 | AU41: 0 | AV41: 5800 | AW41: 80 | AX41: 100 | AY41: 0 | AZ41: 0
A42: 滁州 | B42: 3362.1 | C42: 2 | D42: =VLOOKUP(A42,Sheet4!A:Q,13,FALSE) -> 30.87 | E42: =VLOOKUP(A42,Sheet4!A:C,3,FALSE) -> 78.0 | F42: =VLOOKUP(A42,Sheet4!A:F,6,FALSE) -> 64.62 | G42: =VLOOKUP(A42,Sheet6!A:D,4,FALSE) -> 20.6 | H42: =VLOOKUP(A42,Sheet4!A:H,8,FALSE) -> 110.59 | I42: 628600 | J42: 98 | K42: 196 | L42: 1 | M42: 1 | N42: 118.42054 | O42: 32.189551 | P42: 3 | Q42: 5 | R42: 1 | S42: 1 | T42: 0 | U42: 0 | V42: 0 | W42: 0 | X42: 0 | Y42: 0 | Z42: 0 | AA42: 0 | AB42: 0 | AC42: 0 | AD42: 0 | AE42: 1 | AF42: 0 | AG42: 0 | AH42: 0 | AI42: 0 | AJ42: 0 | AK42: 0 | AL42: 0 | AM42: 0 | AN42: 0 | AO42: 0 | AP42: 0 | AQ42: 0 | AR42: 0 | AS42: 1014 | AT42: 540000 | AU42: 0 | AV42: 6000 | AW42: 66 | AX42: 133 | AY42: 0 | AZ42: 0
A43: 滁州 | B43: 3362.1 | C43: 2 | D43: =VLOOKUP(A43,Sheet4!A:Q,13,FALSE) -> 30.87 | E43: =VLOOKUP(A43,Sheet4!A:C,3,FALSE) -> 78.0 | F43: =VLOOKUP(A43,Sheet4!A:F,6,FALSE) -> 64.62 | G43: =VLOOKUP(A43,Sheet6!A:D,4,FALSE) -> 20.6 | H43: =VLOOKUP(A43,Sheet4!A:H,8,FALSE) -> 110.59 | I43: 628600 | J43: 89 | K43: 106 | L43: 1 | M43: 1 | N43: 118.58167 | O43: 32.254161 | P43: 2 | Q43: 3 | R43: 1 | S43: 1 | T43: 0 | U43: 0 | V43: 0 | W43: 0 | X43: 0 | Y43: 0 | Z43: 0 | AA43: 0 | AB43: 0 | AC43: 0 | AD43: 0 | AE43: 0 | AF43: 0 | AG43: 0 | AH43: 0 | AI43: 0 | AJ43: 0 | AK43: 0 | AL43: 0 | AM43: 0 | AN43: 0 | AO43: 1 | AP43: 0 | AQ43: 0 | AR43: 0 | AS43: 1914 | AT43: 750000 | AU43: 0 | AV43: 9700 | AW43: 89 | AX43: 94 | AY43: 0 | AZ43: 0
A44: 滁州 | B44: 3362.1 | C44: 2 | D44: =VLOOKUP(A44,Sheet4!A:Q,13,FALSE) -> 30.87 | E44: =VLOOKUP(A44,Sheet4!A:C,3,FALSE) -> 78.0 | F44: =VLOOKUP(A44,Sheet4!A:F,6,FALSE) -> 64.62 | G44: =VLOOKUP(A44,Sheet6!A:D,4,FALSE) -> 20.6 | H44: =VLOOKUP(A44,Sheet4!A:H,8,FALSE) -> 110.59 | I44: 628600 | J44: 117 | K44: 133 | L44: 1 | M44: 1 | N44: 118.58936 | O44: 32.248749 | P44: 3 | Q44: 4 | R44: 1 | S44: 1 | T44: 0 | U44: 0 | V44: 1 | W44: 0 | X44: 0 | Y44: 0 | Z44: 1 | AA44: 0 | AB44: 0 | AC44: 0 | AD44: 0 | AE44: 0 | AF44: 0 | AG44: 0 | AH44: 0 | AI44: 0 | AJ44: 0 | AK44: 0 | AL44: 0 | AM44: 0 | AN44: 0 | AO44: 0 | AP44: 0 | AQ44: 0 | AR44: 0 | AS44: 1768 | AT44: 850000 | AU44: 0 | AV44: 6900 | AW44: 99.45 | AX44: 133.05 | AY44: 0 | AZ44: 0
A45: 滁州 | B45: 3362.1 | C45: 2 | D45: =VLOOKUP(A45,Sheet4!A:Q,13,FALSE) -> 30.87 | E45: =VLOOKUP(A45,Sheet4!A:C,3,FALSE) -> 78.0 | F45: =VLOOKUP(A45,Sheet4!A:F,6,FALSE) -> 64.62 | G45: =VLOOKUP(A45,Sheet6!A:D,4,FALSE) -> 20.6 | H45: =VLOOKUP(A45,Sheet4!A:H,8,FALSE) -> 110.59 | I45: 628600 | J45: 78 | K45: 106 | L45: 1 | M45: 0 | N45: 118.5966 | O45: 32.241474 | P45: 3 | Q45: 3 | R45: 1 | S45: 1 | T45: 0 | U45: 0 | V45: 0 | W45: 0 | X45: 0 | Y45: 0 | Z45: 1 | AA45: 0 | AB45: 0 | AC45: 0 | AD45: 0 | AE45: 0 | AF45: 0 | AG45: 0 | AH45: 0 | AI45: 0 | AJ45: 0 | AK45: 0 | AL45: 0 | AM45: 0 | AN45: 0 | AO45: 1 | AP45: 0 | AQ45: 0 | AR45: 0 | AS45: 1754 | AT45: 1050000 | AU45: 0 | AV45: 11000 | AW45: 85 | AX45: 116 | AY45: 0 | AZ45: 0
A46: 长沙 | B46: =VLOOKUP(A46,Sheet2!A:G,2,FALSE) -> 13270.7 | C46: =VLOOKUP(A46,Sheet2!$A:$H,3,FALSE) -> 6 | D46: =VLOOKUP(A46,Sheet4!A:Q,13,FALSE) -> 23.18 | E46: =VLOOKUP(A46,Sheet4!A:C,3,FALSE) -> 509.7 | F46: =VLOOKUP(A46,Sheet4!A:F,6,FALSE) -> 509.69 | G46: 143.7 | H46: =VLOOKUP(A46,Sheet4!A:H,8,FALSE) -> 437.90 | I46: =VLOOKUP(A46,Sheet2!$A:$H,7,FALSE) -> 1232000 | J46: 41 | K46: 120 | L46: 0 | M46: 1 | N46: 113.07684 | O46: 28.193982 | P46: 1 | Q46: 1 | R46: 0 | S46: 0 | T46: 1 | U46: 1 | V46: 0 | W46: 0 | X46: 0 | Y46: 0 | Z46: 0 | AA46: 0 | AB46: 0 | AC46: 0 | AD46: 0 | AE46: 0 | AF46: 0 | AG46: 1 | AH46: 0 | AI46: 0 | AJ46: 0 | AK46: 0 | AL46: 0 | AM46: 0 | AN46: 0 | AO46: 0 | AP46: 2 | AQ46: 0 | AR46: 0 | AS46: 2029 | AT46: 550000 | AU46: 0 | AV46: 17000 | AW46: 55 | AX46: =AW46+60 -> 115 | AY46: 0 | AZ46: 0
A47: 长沙 | B47: =VLOOKUP(A47,Sheet2!A:G,2,FALSE) -> 13270.7 | C47: =VLOOKUP(A47,Sheet2!$A:$H,3,FALSE) -> 6 | D47: =VLOOKUP(A47,Sheet4!A:Q,13,FALSE) -> 23.18 | E47: =VLOOKUP(A47,Sheet4!A:C,3,FALSE) -> 509.7 | F47: =VLOOKUP(A47,Sheet4!A:F,6,FALSE) -> 509.69 | G47: 143.7 | H47: =VLOOKUP(A47,Sheet4!A:H,8,FALSE) -> 437.90 | I47: =VLOOKUP(A47,Sheet2!$A:$H,7,FALSE) -> 1232000 | J47: 36 | K47: 51 | L47: 0 | M47: 1 | N47: 113.01081 | O47: 28.147227 | P47: 1 | Q47: 1 | R47: 0 | S47: 0 | T47: 0 | U47: 0 | V47: 0 | W47: 0 | X47: 0 | Y47: 0 | Z47: 0 | AA47: 0 | AB47: 0 | AC47: 0 | AD47: 0 | AE47: 0 | AF47: 1 | AG47: 1 | AH47: 0 | AI47: 0 | AJ47: 0 | AK47: 0 | AL47: 0 | AM47: 0 | AN47: 0 | AO47: 0 | AP47: 2 | AQ47: 0 | AR47: 1 | AS47: 1715 | AT47: 250000 | AU47: 2 | AV47: 7000 | AW47: 26 | AX47: 36 | AY47: 0 | AZ47: 0
A48: 长沙 | B48: =VLOOKUP(A48,Sheet2!A:G,2,FALSE) -> 13270.7 | C48: =VLOOKUP(A48,Sheet2!$A:$H,3,FALSE) -> 6 | D48: =VLOOKUP(A48,Sheet4!A:Q,13,FALSE) -> 23.18 | E48: =VLOOKUP(A48,Sheet4!A:C,3,FALSE) -> 509.7 | F48: =VLOOKUP(A48,Sheet4!A:F,6,FALSE) -> 509.69 | G48: 143.7 | H48: =VLOOKUP(A48,Sheet4!A:H,8,FALSE) -> 437.90 | I48: =VLOOKUP(A48,Sheet2!$A:$H,7,FALSE) -> 1232000 | J48: 88 | K48: 127 | L48: 0 | M48: 1 | N48: 112.88584 | O48: 28.305217 | P48: 3 | Q48: 4 | R48: 0 | S48: 1 | T48: 0 | U48: 1 | V48: 0 | W48: 0 | X48: 0 | Y48: 0 | Z48: 0 | AA48: 0 | AB48: 0 | AC48: 0 | AD48: 0 | AE48: 0 | AF48: 0 | AG48: 1 | AH48: 0 | AI48: 0 | AJ48: 0 | AK48: 0 | AL48: 0 | AM48: 0 | AN48: 0 | AO48: 0 | AP48: 0 | AQ48: 0 | AR48: 1 | AS48: 1699 | AT48: 787000 | AU48: 0 | AV48: 6200 | AW48: 78.7 | AX48: 91.8 | AY48: 0 | AZ48: 0
A49: 长沙 | B49: =VLOOKUP(A49,Sheet2!A:G,2,FALSE) -> 13270.7 | C49: =VLOOKUP(A49,Sheet2!$A:$H,3,FALSE) -> 6 | D49: =VLOOKUP(A49,Sheet4!A:Q,13,FALSE) -> 23.18 | E49: =VLOOKUP(A49,Sheet4!A:C,3,FALSE) -> 509.7 | F49: =VLOOKUP(A49,Sheet4!A:F,6,FALSE) -> 509.69 | G49: 143.7 | H49: =VLOOKUP(A49,Sheet4!A:H,8,FALSE) -> 437.90 | I49: =VLOOKUP(A49,Sheet2!$A:$H,7,FALSE) -> 1232000 | J49: 78 | K49: 139 | L49: 0 | M49: 1 | N49: 113.02869 | O49: 28.243966 | P49: 2 | Q49: 4 | R49: 0 | S49: 1 | T49: 1 | U49: 1 | V49: 0 | W49: 0 | X49: 0 | Y49: 0 | Z49: 0 | AA49: 0 | AB49: 0 | AC49: 0 | AD49: 0 | AE49: 0 | AF49: 0 | AG49: 1 | AH49: 0 | AI49: 0 | AJ49: 0 | AK49: 0 | AL49: 0 | AM49: 0 | AN49: 0 | AO49: 0 | AP49: 0 | AQ49: 0 | AR49: 0 | AS49: 4116 | AT49: 690000 | AU49: 2 | AV49: 9800 | AW49: 112 | AX49: 144 | AY49: 0 | AZ49: 2
A50: 长沙 | B50: =VLOOKUP(A50,Sheet2!A:G,2,FALSE) -> 13270.7 | C50: =VLOOKUP(A50,Sheet2!$A:$H,3,FALSE) -> 6 | D50: =VLOOKUP(A50,Sheet4!A:Q,13,FALSE) -> 23.18 | E50: =VLOOKUP(A50,Sheet4!A:C,3,FALSE) -> 509.7 | F50: =VLOOKUP(A50,Sheet4!A:F,6,FALSE) -> 509.69 | G50: 143.7 | H50: =VLOOKUP(A50,Sheet4!A:H,8,FALSE) -> 437.90 | I50: =VLOOKUP(A50,Sheet2!$A:$H,7,FALSE) -> 1232000 | J50: 87 | K50: 114 | L50: 0 | M50: 1 | N50: 113.00155 | O50: 28.229205 | P50: 2 | Q50: 3 | R50: 0 | S50: 0 | T50: 1 | U50: 1 | V50: 1 | W50: 0 | X50: 0 | Y50: 0 | Z50: 0 | AA50: 0 | AB50: 0 | AC50: 0 | AD50: 0 | AE50: 0 | AF50: 1 | AG50: 0 | AH50: 0 | AI50: 0 | AJ50: 0 | AK50: 0 | AL50: 0 | AM50: 0 | AN50: 0 | AO50: 0 | AP50: 0 | AQ50: 0 | AR50: 1 | AS50: 952 | AT50: 1100000 | AU50: 0 | AV50: 12000 | AW50: 111.42 | AX50: =AW50+60 -> 171.42 | AY50: 0 | AZ50: 0
A51: 重庆 | B51: =VLOOKUP(A51,Sheet2!A:G,2,FALSE) -> 27894.02 | C51: =VLOOKUP(A51,Sheet2!$A:$H,3,FALSE) -> 4 | D51: =VLOOKUP(A51,Sheet4!A:Q,13,FALSE) -> 321.39 | E51: =VLOOKUP(A51,Sheet4!A:C,3,FALSE) -> 2649.8 | F51: =VLOOKUP(A51,Sheet4!A:F,6,FALSE) -> 1322.63 | G51: =VLOOKUP(A51,Sheet4!A:D,4,FALSE) -> 429.5 | H51: =VLOOKUP(A51,Sheet4!A:H,8,FALSE) -> 1645.38 | I51: =VLOOKUP(A51,Sheet2!$A:$H,7,FALSE) -> 7668559 | J51: 79 | K51: 149 | L51: 0 | M51: 1 | N51: 106.45047 | O51: 29.425306 | P51: 3 | Q51: 5 | R51: 0 | S51: 0 | T51: 1 | U51: 1 | V51: 1 | W51: 0 | X51: 0 | Y51: 0 | Z51: 0 | AA51: 0 | AB51: 0 | AC51: 0 | AD51: 0 | AE51: 0 | AF51: 0 | AG51: 1 | AH51: 0 | AI51: 0 | AJ51: 0 | AK51: 0 | AL51: 0 | AM51: 0 | AN51: 0 | AO51: 0 | AP51: 0 | AQ51: 0 | AR51: 1 | AS51: 658 | AT51: 1000000 | AU51: 2 | AV51: 13000 | AW51: 95 | AX51: 142 | AY51: 0 | AZ51: 15
A52: 重庆 | B52: =VLOOKUP(A52,Sheet2!A:G,2,FALSE) -> 27894.02 | C52: =VLOOKUP(A52,Sheet2!$A:$H,3,FALSE) -> 4 | D52: =VLOOKUP(A52,Sheet4!A:Q,13,FALSE) -> 321.39 | E52: =VLOOKUP(A52,Sheet4!A:C,3,FALSE) -> 2649.8 | F52: =VLOOKUP(A52,Sheet4!A:F,6,FALSE) -> 1322.63 | G52: =VLOOKUP(A52,Sheet4!A:D,4,FALSE) -> 429.5 | H52: =VLOOKUP(A52,Sheet4!A:H,8,FALSE) -> 1645.38 | I52: =VLOOKUP(A52,Sheet2!$A:$H,7,FALSE) -> 7668559 | J52: 251 | K52: 286 | L52: 0 | M52: 1 | N52: 106.82537 | O52: 29.709914 | P52: 3 | Q52: 5 | R52: 0 | S52: 0 | T52: 1 | U52: 0 | V52: 0 | W52: 0 | X52: 0 | Y52: 0 | Z52: 0 | AA52: 0 | AB52: 0 | AC52: 0 | AD52: 0 | AE52: 0 | AF52: 0 | AG52: 1 | AH52: 0 | AI52: 0 | AJ52: 0 | AK52: 0 | AL52: 0 | AM52: 0 | AN52: 0 | AO52: 0 | AP52: 1 | AQ52: 0 | AR52: 1 | AS52: 870 | AT52: 2500000 | AU52: 2 | AV52: 10000 | AW52: 240 | AX52: 350 | AY52: 0 | AZ52: 1
A53: 重庆 | B53: =VLOOKUP(A53,Sheet2!A:G,2,FALSE) -> 27894.02 | C53: =VLOOKUP(A53,Sheet2!$A:$H,3,FALSE) -> 4 | D53: =VLOOKUP(A53,Sheet4!A:Q,13,FALSE) -> 321.39 | E53: =VLOOKUP(A53,Sheet4!A:C,3,FALSE) -> 2649.8 | F53: =VLOOKUP(A53,Sheet4!A:F,6,FALSE) -> 1322.63 | G53: =VLOOKUP(A53,Sheet4!A:D,4,FALSE) -> 429.5 | H53: =VLOOKUP(A53,Sheet4!A:H,8,FALSE) -> 1645.38 | I53: =VLOOKUP(A53,Sheet2!$A:$H,7,FALSE) -> 7668559 | J53: 230 | K53: 230 | L53: 0 | M53: 1 | N53: 106.53735 | O53: 29.667176 | P53: 3 | Q53: 5 | R53: 0 | S53: 0 | T53: 0 | U53: 1 | V53: 1 | W53: 0 | X53: 0 | Y53: 0 | Z53: 0 | AA53: 0 | AB53: 0 | AC53: 0 | AD53: 0 | AE53: 0 | AF53: 1 | AG53: 0 | AH53: 0 | AI53: 0 | AJ53: 0 | AK53: 0 | AL53: 0 | AM53: 1 | AN53: 0 | AO53: 0 | AP53: 0 | AQ53: 0 | AR53: 1 | AS53: 841 | AT53: 4700000 | AU53: 0 | AV53: 27000 | AW53: 500 | AX53: =AW53+60 -> 560 | AY53: 0 | AZ53: 6
A54: 重庆 | B54: =VLOOKUP(A54,Sheet2!A:G,2,FALSE) -> 27894.02 | C54: =VLOOKUP(A54,Sheet2!$A:$H,3,FALSE) -> 4 | D54: =VLOOKUP(A54,Sheet4!A:Q,13,FALSE) -> 321.39 | E54: =VLOOKUP(A54,Sheet4!A:C,3,FALSE) -> 2649.8 | F54: =VLOOKUP(A54,Sheet4!A:F,6,FALSE) -> 1322.63 | G54: =VLOOKUP(A54,Sheet4!A:D,4,FALSE) -> 429.5 | H54: =VLOOKUP(A54,Sheet4!A:H,8,FALSE) -> 1645.38 | I54: =VLOOKUP(A54,Sheet2!$A:$H,7,FALSE) -> 7668559 | J54: 95 | K54: 140 | L54: 0 | M54: 1 | N54: 106.80876 | O54: 29.709293 | P54: 3 | Q54: 4 | R54: 1 | S54: 0 | T54: 0 | U54: 1 | V54: 0 | W54: 0 | X54: 0 | Y54: 0 | Z54: 0 | AA54: 0 | AB54: 0 | AC54: 0 | AD54: 0 | AE54: 0 | AF54: 0 | AG54: 1 | AH54: 0 | AI54: 0 | AJ54: 0 | AK54: 0 | AL54: 0 | AM54: 0 | AN54: 0 | AO54: 0 | AP54: 0 | AQ54: 0 | AR54: 0 | AS54: 204 | AT54: 900000 | AU54: 2 | AV54: 10000 | AW54: 90 | AX54: 96 | AY54: 0 | AZ54: 5
A55: 重庆 | B55: =VLOOKUP(A55,Sheet2!A:G,2,FALSE) -> 27894.02 | C55: =VLOOKUP(A55,Sheet2!$A:$H,3,FALSE) -> 4 | D55: =VLOOKUP(A55,Sheet4!A:Q,13,FALSE) -> 321.39 | E55: =VLOOKUP(A55,Sheet4!A:C,3,FALSE) -> 2649.8 | F55: =VLOOKUP(A55,Sheet4!A:F,6,FALSE) -> 1322.63 | G55: =VLOOKUP(A55,Sheet4!A:D,4,FALSE) -> 429.5 | H55: =VLOOKUP(A55,Sheet4!A:H,8,FALSE) -> 1645.38 | I55: =VLOOKUP(A55,Sheet2!$A:$H,7,FALSE) -> 7668559 | J55: 81 | K55: 223 | L55: 0 | M55: 1 | N55: 106.82537 | O55: 29.709914 | P55: 3 | Q55: 4 | R55: 0 | S55: 1 | T55: 1 | U55: 0 | V55: 1 | W55: 0 | X55: 0 | Y55: 0 | Z55: 0 | AA55: 0 | AB55: 0 | AC55: 0 | AD55: 0 | AE55: 0 | AF55: 0 | AG55: 1 | AH55: 0 | AI55: 0 | AJ55: 0 | AK55: 0 | AL55: 0 | AM55: 0 | AN55: 0 | AO55: 0 | AP55: 0 | AQ55: 0 | AR55: 1 | AS55: 354 | AT55: 1500000 | AU55: 2 | AV55: 12000 | AW55: 69 | AX55: 178 | AY55: 0 | AZ55: 5
A56: 重庆 | B56: =VLOOKUP(A56,Sheet2!A:G,2,FALSE) -> 27894.02 | C56: =VLOOKUP(A56,Sheet2!$A:$H,3,FALSE) -> 4 | D56: =VLOOKUP(A56,Sheet4!A:Q,13,FALSE) -> 321.39 | E56: =VLOOKUP(A56,Sheet4!A:C,3,FALSE) -> 2649.8 | F56: =VLOOKUP(A56,Sheet4!A:F,6,FALSE) -> 1322.63 | G56: =VLOOKUP(A56,Sheet4!A:D,4,FALSE) -> 429.5 | H56: =VLOOKUP(A56,Sheet4!A:H,8,FALSE) -> 1645.38 | I56: =VLOOKUP(A56,Sheet2!$A:$H,7,FALSE) -> 7668559 | J56: 227 | K56: 897 | L56: 0 | M56: 1 | N56: 106.46676 | O56: 29.710021 | P56: 5 | Q56: 9 | R56: 0 | S56: 1 | T56: 0 | U56: 0 | V56: 0 | W56: 0 | X56: 0 | Y56: 0 | Z56: 0 | AA56: 0 | AB56: 0 | AC56: 0 | AD56: 1 | AE56: 0 | AF56: 0 | AG56: 1 | AH56: 0 | AI56: 0 | AJ56: 0 | AK56: 0 | AL56: 0 | AM56: 0 | AN56: 0 | AO56: 1 | AP56: 1 | AQ56: 0 | AR56: 1 | AS56: 747 | AT56: 3000000 | AU56: 2 | AV56: 13000 | AW56: 300 | AX56: 800 | AY56: 0 | AZ56: 0
A57: 重庆 | B57: =VLOOKUP(A57,Sheet2!A:G,2,FALSE) -> 27894.02 | C57: =VLOOKUP(A57,Sheet2!$A:$H,3,FALSE) -> 4 | D57: =VLOOKUP(A57,Sheet4!A:Q,13,FALSE) -> 321.39 | E57: =VLOOKUP(A57,Sheet4!A:C,3,FALSE) -> 2649.8 | F57: =VLOOKUP(A57,Sheet4!A:F,6,FALSE) -> 1322.63 | G57: =VLOOKUP(A57,Sheet4!A:D,4,FALSE) -> 429.5 | H57: =VLOOKUP(A57,Sheet4!A:H,8,FALSE) -> 1645.38 | I57: =VLOOKUP(A57,Sheet2!$A:$H,7,FALSE) -> 7668559 | J57: 86 | K57: 138 | L57: 0 | M57: 1 | N57: 106.79159 | O57: 29.691494 | P57: 3 | Q57: 4 | R57: 0 | S57: 1 | T57: 1 | U57: 0 | V57: 0 | W57: 0 | X57: 0 | Y57: 0 | Z57: 0 | AA57: 0 | AB57: 0 | AC57: 0 | AD57: 0 | AE57: 0 | AF57: 0 | AG57: 1 | AH57: 0 | AI57: 0 | AJ57: 0 | AK57: 0 | AL57: 0 | AM57: 0 | AN57: 1 | AO57: 0 | AP57: 0 | AQ57: 0 | AR57: 1 | AS57: 763 | AT57: 1650000 | AU57: 0 | AV57: 14000 | AW57: 106 | AX57: 162 | AY57: 0 | AZ57: 1
A58: 重庆 | B58: =VLOOKUP(A58,Sheet2!A:G,2,FALSE) -> 27894.02 | C58: =VLOOKUP(A58,Sheet2!$A:$H,3,FALSE) -> 4 | D58: =VLOOKUP(A58,Sheet4!A:Q,13,FALSE) -> 321.39 | E58: =VLOOKUP(A58,Sheet4!A:C,3,FALSE) -> 2649.8 | F58: =VLOOKUP(A58,Sheet4!A:F,6,FALSE) -> 1322.63 | G58: =VLOOKUP(A58,Sheet4!A:D,4,FALSE) -> 429.5 | H58: =VLOOKUP(A58,Sheet4!A:H,8,FALSE) -> 1645.38 | I58: =VLOOKUP(A58,Sheet2!$A:$H,7,FALSE) -> 7668559 | J58: 121 | K58: 137 | L58: 0 | M58: 1 | N58: 106.79159 | O58: 29.691494 | P58: 4 | Q58: 4 | R58: 0 | S58: 1 | T58: 1 | U58: 0 | V58: 0 | W58: 0 | X58: 0 | Y58: 0 | Z58: 0 | AA58: 0 | AB58: 0 | AC58: 0 | AD58: 0 | AE58: 0 | AF58: 0 | AG58: 1 | AH58: 0 | AI58: 0 | AJ58: 0 | AK58: 0 | AL58: 0 | AM58: 0 | AN58: 0 | AO58: 0 | AP58: 1 | AQ58: 0 | AR58: 0 | AS58: 832 | AT58: 1600000 | AU58: 0 | AV58: 15000 | AW58: 160 | AX58: 162 | AY58: 0 | AZ58: 0
A59: 重庆 | B59: =VLOOKUP(A59,Sheet2!A:G,2,FALSE) -> 27894.02 | C59: =VLOOKUP(A59,Sheet2!$A:$H,3,FALSE) -> 4 | D59: =VLOOKUP(A59,Sheet4!A:Q,13,FALSE) -> 321.39 | E59: =VLOOKUP(A59,Sheet4!A:C,3,FALSE) -> 2649.8 | F59: =VLOOKUP(A59,Sheet4!A:F,6,FALSE) -> 1322.63 | G59: =VLOOKUP(A59,Sheet4!A:D,4,FALSE) -> 429.5 | H59: =VLOOKUP(A59,Sheet4!A:H,8,FALSE) -> 1645.38 | I59: =VLOOKUP(A59,Sheet2!$A:$H,7,FALSE) -> 7668559 | J59: 275 | K59: 876 | L59: 0 | M59: 1 | N59: 106.59737 | O59: 29.554058 | P59: 3 | Q59: 5 | R59: 0 | S59: 1 | T59: 1 | U59: 1 | V59: 0 | W59: 0 | X59: 0 | Y59: 0 | Z59: 0 | AA59: 0 | AB59: 0 | AC59: 0 | AD59: 0 | AE59: 0 | AF59: 1 | AG59: 0 | AH59: 0 | AI59: 0 | AJ59: 0 | AK59: 0 | AL59: 0 | AM59: 0 | AN59: 0 | AO59: 0 | AP59: 0 | AQ59: 0 | AR59: 0 | AS59: 2698 | AT59: 45000000 | AU59: 0 | AV59: 56000 | AW59: 4500 | AX59: =AW59+60 -> 4560 | AY59: 0 | AZ59: 4
A60: 成都 | B60: =VLOOKUP(A60,Sheet2!A:G,2,FALSE) -> 19916.98 | C60: =VLOOKUP(A60,Sheet2!$A:$H,3,FALSE) -> 4 | D60: =VLOOKUP(A60,Sheet4!A:Q,13,FALSE) -> 159.00 | E60: =VLOOKUP(A60,Sheet4!A:C,3,FALSE) -> 1127.0 | F60: =VLOOKUP(A60,Sheet4!A:F,6,FALSE) -> 931.29 | G60: =VLOOKUP(A60,Sheet4!A:D,4,FALSE) -> 289.8 | H60: =VLOOKUP(A60,Sheet4!A:H,8,FALSE) -> 1055.79 | I60: =VLOOKUP(A60,Sheet2!$A:$H,7,FALSE) -> 1222300 | J60: 90 | K60: 162 | L60: 0 | M60: 0 | N60: 104.04857 | O60: 30.478907 | P60: 3 | Q60: 4 | R60: 0 | S60: 0 | T60: 0 | U60: 0 | V60: 0 | W60: 0 | X60: 0 | Y60: 0 | Z60: 0 | AA60: 0 | AB60: 0 | AC60: 0 | AD60: 0 | AE60: 1 | AF60: 0 | AG60: 0 | AH60: 1 | AI60: 1 | AJ60: 0 | AK60: 0 | AL60: 0 | AM60: 0 | AN60: 0 | AO60: 0 | AP60: 0 | AQ60: 0 | AR60: 0 | AS60: 235 | AT60: 3600000 | AU60: 2 | AV60: 27000 | AW60: 330 | AX60: 475 | AY60: 0 | AZ60: 8
A61: 成都 | B61: =VLOOKUP(A61,Sheet2!A:G,2,FALSE) -> 19916.98 | C61: =VLOOKUP(A61,Sheet2!$A:$H,3,FALSE) -> 4 | D61: =VLOOKUP(A61,Sheet4!A:Q,13,FALSE) -> 159.00 | E61: =VLOOKUP(A61,Sheet4!A:C,3,FALSE) -> 1127.0 | F61: =VLOOKUP(A61,Sheet4!A:F,6,FALSE) -> 931.29 | G61: =VLOOKUP(A61,Sheet4!A:D,4,FALSE) -> 289.8 | H61: =VLOOKUP(A61,Sheet4!A:H,8,FALSE) -> 1055.79 | I61: =VLOOKUP(A61,Sheet2!$A:$H,7,FALSE) -> 1222300 | J61: 114 | K61: 132 | L61: 0 | M61: 0 | N61: 103.99172 | O61: 30.732551 | P61: 3 | Q61: 4 | R61: 0 | S61: 0 | T61: 0 | U61: 0 | V61: 0 | W61: 0 | X61: 0 | Y61: 0 | Z61: 0 | AA61: 0 | AB61: 0 | AC61: 0 | AD61: 0 | AE61: 1 | AF61: 0 | AG61: 0 | AH61: 0 | AI61: 0 | AJ61: 1 | AK61: 0 | AL61: 0 | AM61: 0 | AN61: 0 | AO61: 0 | AP61: 0 | AQ61: 0 | AR61: 0 | AS61: 44975 | AT61: 2700000 | AU61: 2 | AV61: 24500 | AW61: 270 | AX61: 315 | AY61: 0 | AZ61: 0
A62: 成都 | B62: =VLOOKUP(A62,Sheet2!A:G,2,FALSE) -> 19916.98 | C62: =VLOOKUP(A62,Sheet2!$A:$H,3,FALSE) -> 4 | D62: =VLOOKUP(A62,Sheet4!A:Q,13,FALSE) -> 159.00 | E62: =VLOOKUP(A62,Sheet4!A:C,3,FALSE) -> 1127.0 | F62: =VLOOKUP(A62,Sheet4!A:F,6,FALSE) -> 931.29 | G62: =VLOOKUP(A62,Sheet4!A:D,4,FALSE) -> 289.8 | H62: =VLOOKUP(A62,Sheet4!A:H,8,FALSE) -> 1055.79 | I62: =VLOOKUP(A62,Sheet2!$A:$H,7,FALSE) -> 1222300 | J62: 41 | K62: 51 | L62: 0 | M62: 1 | N62: 104.08801 | O62: 30.814308 | P62: 1 | Q62: 2 | R62: 0 | S62: 0 | T62: 0 | U62: 0 | V62: 0 | W62: 0 | X62: 0 | Y62: 1 | Z62: 0 | AA62: 0 | AB62: 0 | AC62: 0 | AD62: 1 | AE62: 0 | AF62: 0 | AG62: 0 | AH62: 0 | AI62: 0 | AJ62: 0 | AK62: 0 | AL62: 0 | AM62: 0 | AN62: 0 | AO62: 0 | AP62: 2 | AQ62: 0 | AR62: 1 | AS62: 558 | AT62: 240000 | AU62: 2 | AV62: 6100 | AW62: 24 | AX62: 32 | AY62: 0 | AZ62: 16
A63: 成都 | B63: =VLOOKUP(A63,Sheet2!A:G,2,FALSE) -> 19916.98 | C63: =VLOOKUP(A63,Sheet2!$A:$H,3,FALSE) -> 4 | D63: =VLOOKUP(A63,Sheet4!A:Q,13,FALSE) -> 159.00 | E63: =VLOOKUP(A63,Sheet4!A:C,3,FALSE) -> 1127.0 | F63: =VLOOKUP(A63,Sheet4!A:F,6,FALSE) -> 931.29 | G63: =VLOOKUP(A63,Sheet4!A:D,4,FALSE) -> 289.8 | H63: =VLOOKUP(A63,Sheet4!A:H,8,FALSE) -> 1055.79 | I63: =VLOOKUP(A63,Sheet2!$A:$H,7,FALSE) -> 1222300 | J63: 89 | K63: 126 | L63: 0 | M63: 0 | N63: 104.12921 | O63: 30.714335 | P63: 3 | Q63: 4 | R63: 0 | S63: 0 | T63: 0 | U63: 0 | V63: 0 | W63: 0 | X63: 0 | Y63: 0 | Z63: 0 | AA63: 0 | AB63: 0 | AC63: 0 | AD63: 0 | AE63: 1 | AF63: 0 | AG63: 0 | AH63: 1 | AI63: 0 | AJ63: 1 | AK63: 0 | AL63: 0 | AM63: 0 | AN63: 0 | AO63: 0 | AP63: 0 | AQ63: 0 | AR63: 0 | AS63: 44975 | AT63: 2200000 | AU63: 2 | AV63: 22800 | AW63: 200 | AX63: 310 | AY63: 0 | AZ63: 9
A64: 成都 | B64: =VLOOKUP(A64,Sheet2!A:G,2,FALSE) -> 19916.98 | C64: =VLOOKUP(A64,Sheet2!$A:$H,3,FALSE) -> 4 | D64: =VLOOKUP(A64,Sheet4!A:Q,13,FALSE) -> 159.00 | E64: =VLOOKUP(A64,Sheet4!A:C,3,FALSE) -> 1127.0 | F64: =VLOOKUP(A64,Sheet4!A:F,6,FALSE) -> 931.29 | G64: =VLOOKUP(A64,Sheet4!A:D,4,FALSE) -> 289.8 | H64: =VLOOKUP(A64,Sheet4!A:H,8,FALSE) -> 1055.79 | I64: =VLOOKUP(A64,Sheet2!$A:$H,7,FALSE) -> 1222300 | J64: 89 | K64: 161 | L64: 0 | M64: 1 | N64: 104.0888 | O64: 30.390862 | P64: 2 | Q64: 4 | R64: 0 | S64: 0 | T64: 0 | U64: 0 | V64: 0 | W64: 0 | X64: 0 | Y64: 0 | Z64: 0 | AA64: 0 | AB64: 0 | AC64: 0 | AD64: 0 | AE64: 1 | AF64: 0 | AG64: 0 | AH64: 0 | AI64: 0 | AJ64: 0 | AK64: 1 | AL64: 0 | AM64: 0 | AN64: 0 | AO64: 0 | AP64: 0 | AQ64: 0 | AR64: 0 | AS64: 178 | AT64: 2500000 | AU64: 2 | AV64: 21000 | AW64: 250 | AX64: 350 | AY64: 0 | AZ64: 10
A65: 大连 | B65: =VLOOKUP(A65,Sheet2!A:G,2,FALSE) -> 7825.95 | C65: =VLOOKUP(A65,Sheet2!$A:$H,3,FALSE) -> 0 | D65: =VLOOKUP(A65,Sheet4!A:Q,13,FALSE) -> 129.88 | E65: =VLOOKUP(A65,Sheet4!A:C,3,FALSE) -> 414.2 | F65: =VLOOKUP(A65,Sheet4!A:F,6,FALSE) -> 353.77 | G65: =VLOOKUP(A65,Sheet4!A:D,4,FALSE) -> 25.0 | H65: =VLOOKUP(A65,Sheet4!A:H,8,FALSE) -> 444.04 | I65: =VLOOKUP(A65,Sheet2!$A:$H,7,FALSE) -> 579600 | J65: 90 | K65: 138 | L65: 0 | M65: 0 | N65: 121.53233 | O65: 39.011377 | P65: 3 | Q65: 3 | R65: 1 | S65: 0 | T65: 0 | U65: 0 | V65: 1 | W65: 0 | X65: 0 | Y65: 0 | Z65: 0 | AA65: 0 | AB65: 0 | AC65: 0 | AD65: 0 | AE65: 0 | AF65: 0 | AG65: 0 | AH65: 0 | AI65: 0 | AJ65: 0 | AK65: 0 | AL65: 0 | AM65: 1 | AN65: 0 | AO65: 0 | AP65: 0 | AQ65: 0 | AR65: 0 | AS65: 610 | AT65: 2100000 | AU65: 2 | AV65: 18500 | AW65: 205 | AX65: 311 | AY65: 0 | AZ65: 0
A66: 大连 | B66: =VLOOKUP(A66,Sheet2!A:G,2,FALSE) -> 7825.95 | C66: =VLOOKUP(A66,Sheet2!$A:$H,3,FALSE) -> 0 | D66: =VLOOKUP(A66,Sheet4!A:Q,13,FALSE) -> 129.88 | E66: =VLOOKUP(A66,Sheet4!A:C,3,FALSE) -> 414.2 | F66: =VLOOKUP(A66,Sheet4!A:F,6,FALSE) -> 353.77 | G66: =VLOOKUP(A66,Sheet4!A:D,4,FALSE) -> 25.0 | H66: =VLOOKUP(A66,Sheet4!A:H,8,FALSE) -> 444.04 | I66: =VLOOKUP(A66,Sheet2!$A:$H,7,FALSE) -> 579600 | J66: 83 | K66: 122 | L66: 1 | M66: 0 | N66: 121.53194 | O66: 38.87138 | P66: 2 | Q66: 3 | R66: 1 | S66: 0 | T66: 0 | U66: 0 | V66: 1 | W66: 0 | X66: 0 | Y66: 0 | Z66: 0 | AA66: 0 | AB66: 0 | AC66: 0 | AD66: 1 | AE66: 1 | AF66: 0 | AG66: 0 | AH66: 0 | AI66: 0 | AJ66: 0 | AK66: 0 | AL66: 0 | AM66: 0 | AN66: 0 | AO66: 0 | AP66: 0 | AQ66: 0 | AR66: 1 | AS66: 512 | AT66: 3000000 | AU66: 2 | AV66: 30000 | AW66: 260 | AX66: 372 | AY66: 0 | AZ66: 0
A67: 大连 | B67: =VLOOKUP(A67,Sheet2!A:G,2,FALSE) -> 7825.95 | C67: =VLOOKUP(A67,Sheet2!$A:$H,3,FALSE) -> 0 | D67: =VLOOKUP(A67,Sheet4!A:Q,13,FALSE) -> 129.88 | E67: =VLOOKUP(A67,Sheet4!A:C,3,FALSE) -> 414.2 | F67: =VLOOKUP(A67,Sheet4!A:F,6,FALSE) -> 353.77 | G67: =VLOOKUP(A67,Sheet4!A:D,4,FALSE) -> 25.0 | H67: =VLOOKUP(A67,Sheet4!A:H,8,FALSE) -> 444.04 | I67: =VLOOKUP(A67,Sheet2!$A:$H,7,FALSE) -> 579600 | J67: 83 | K67: 125 | L67: 0 | M67: 0 | N67: 121.70779 | O67: 39.106273 | P67: 2 | Q67: 4 | R67: 1 | S67: 0 | T67: 1 | U67: 1 | V67: 1 | W67: 0 | X67: 0 | Y67: 0 | Z67: 0 | AA67: 0 | AB67: 0 | AC67: 0 | AD67: 0 | AE67: 0 | AF67: 0 | AG67: 0 | AH67: 0 | AI67: 0 | AJ67: 0 | AK67: 0 | AL67: 0 | AM67: 0 | AN67: 0 | AO67: 0 | AP67: 0 | AQ67: 0 | AR67: 0 | AS67: 535 | AT67: 1300000 | AU67: 2 | AV67: 12000 | AW67: 99.6 | AX67: 170 | AY67: 0 | AZ67: 0
A68: 大连 | B68: =VLOOKUP(A68,Sheet2!A:G,2,FALSE) -> 7825.95 | C68: =VLOOKUP(A68,Sheet2!$A:$H,3,FALSE) -> 0 | D68: =VLOOKUP(A68,Sheet4!A:Q,13,FALSE) -> 129.88 | E68: =VLOOKUP(A68,Sheet4!A:C,3,FALSE) -> 414.2 | F68: =VLOOKUP(A68,Sheet4!A:F,6,FALSE) -> 353.77 | G68: =VLOOKUP(A68,Sheet4!A:D,4,FALSE) -> 25.0 | H68: =VLOOKUP(A68,Sheet4!A:H,8,FALSE) -> 444.04 | I68: =VLOOKUP(A68,Sheet2!$A:$H,7,FALSE) -> 579600 | J68: 80 | K68: 129 | L68: 0 | M68: 0 | N68: 121.47135 | O68: 38.989106 | P68: 2 | Q68: 4 | R68: 1 | S68: 0 | T68: 0 | U68: 0 | V68: 1 | W68: 0 | X68: 0 | Y68: 0 | Z68: 0 | AA68: 0 | AB68: 0 | AC68: 0 | AD68: 0 | AE68: 0 | AF68: 0 | AG68: 0 | AH68: 0 | AI68: 0 | AJ68: 0 | AK68: 0 | AL68: 1 | AM68: 1 | AN68: 0 | AO68: 0 | AP68: 0 | AQ68: 0 | AR68: 0 | AS68: 560 | AT68: 1450000 | AU68: 2 | AV68: 16500 | AW68: 136 | AX68: 280 | AY68: 1 | AZ68: 0
A69: 大连 | B69: =VLOOKUP(A69,Sheet2!A:G,2,FALSE) -> 7825.95 | C69: =VLOOKUP(A69,Sheet2!$A:$H,3,FALSE) -> 0 | D69: =VLOOKUP(A69,Sheet4!A:Q,13,FALSE) -> 129.88 | E69: =VLOOKUP(A69,Sheet4!A:C,3,FALSE) -> 414.2 | F69: =VLOOKUP(A69,Sheet4!A:F,6,FALSE) -> 353.77 | G69: =VLOOKUP(A69,Sheet4!A:D,4,FALSE) -> 25.0 | H69: =VLOOKUP(A69,Sheet4!A:H,8,FALSE) -> 444.04 | I69: =VLOOKUP(A69,Sheet2!$A:$H,7,FALSE) -> 579600 | J69: 63 | K69: 85 | L69: 0 | M69: 1 | N69: 121.81881 | O69: 39.017719 | P69: 1 | Q69: 2 | R69: 0 | S69: 1 | T69: 1 | U69: 1 | V69: 0 | W69: 0 | X69: 0 | Y69: 0 | Z69: 0 | AA69: 0 | AB69: 0 | AC69: 0 | AD69: 0 | AE69: 0 | AF69: 0 | AG69: 0 | AH69: 0 | AI69: 0 | AJ69: 0 | AK69: 0 | AL69: 0 | AM69: 0 | AN69: 0 | AO69: 0 | AP69: 0 | AQ69: 0 | AR69: 1 | AS69: 1645 | AT69: 900000 | AU69: 0 | AV69: 10500 | AW69: 66 | AX69: 91.8 | AY69: 0 | AZ69: 0
A70: 大连 | B70: =VLOOKUP(A70,Sheet2!A:G,2,FALSE) -> 7825.95 | C70: =VLOOKUP(A70,Sheet2!$A:$H,3,FALSE) -> 0 | D70: =VLOOKUP(A70,Sheet4!A:Q,13,FALSE) -> 129.88 | E70: =VLOOKUP(A70,Sheet4!A:C,3,FALSE) -> 414.2 | F70: =VLOOKUP(A70,Sheet4!A:F,6,FALSE) -> 353.77 | G70: =VLOOKUP(A70,Sheet4!A:D,4,FALSE) -> 25.0 | H70: =VLOOKUP(A70,Sheet4!A:H,8,FALSE) -> 444.04 | I70: =VLOOKUP(A70,Sheet2!$A:$H,7,FALSE) -> 579600 | J70: 54 | K70: 96 | L70: 0 | M70: 0 | N70: 121.87109 | O70: 39.060733 | P70: 1 | Q70: 2 | R70: 0 | S70: 1 | T70: 1 | U70: 1 | V70: 0 | W70: 0 | X70: 0 | Y70: 0 | Z70: 0 | AA70: 0 | AB70: 0 | AC70: 0 | AD70: 0 | AE70: 0 | AF70: 1 | AG70: 0 | AH70: 0 | AI70: 0 | AJ70: 0 | AK70: 0 | AL70: 0 | AM70: 0 | AN70: 0 | AO70: 0 | AP70: 0 | AQ70: 0 | AR70: 1 | AS70: 1053 | AT70: 1000000 | AU70: 2 | AV70: 12500 | AW70: 68 | AX70: 120 | AY70: 0 | AZ70: 0
A71: 大连 | B71: =VLOOKUP(A71,Sheet2!A:G,2,FALSE) -> 7825.95 | C71: =VLOOKUP(A71,Sheet2!$A:$H,3,FALSE) -> 0 | D71: =VLOOKUP(A71,Sheet4!A:Q,13,FALSE) -> 129.88 | E71: =VLOOKUP(A71,Sheet4!A:C,3,FALSE) -> 414.2 | F71: =VLOOKUP(A71,Sheet4!A:F,6,FALSE) -> 353.77 | G71: =VLOOKUP(A71,Sheet4!A:D,4,FALSE) -> 25.0 | H71: =VLOOKUP(A71,Sheet4!A:H,8,FALSE) -> 444.04 | I71: =VLOOKUP(A71,Sheet2!$A:$H,7,FALSE) -> 579600 | J71: 47 | K71: 96 | L71: 0 | M71: 1 | N71: 121.19164 | O71: 38.826254 | P71: 1 | Q71: 2 | R71: 0 | S71: 0 | T71: 0 | U71: 0 | V71: 0 | W71: 0 | X71: 0 | Y71: 0 | Z71: 0 | AA71: 0 | AB71: 0 | AC71: 0 | AD71: 1 | AE71: 0 | AF71: 0 | AG71: 0 | AH71: 0 | AI71: 0 | AJ71: 0 | AK71: 0 | AL71: 1 | AM71: 0 | AN71: 0 | AO71: 0 | AP71: 0 | AQ71: 0 | AR71: 1 | AS71: 627 | AT71: 300000 | AU71: 2 | AV71: 6000 | AW71: 28 | AX71: 61 | AY71: 0 | AZ71: 0
... A75: 东莞 | B75: =VLOOKUP(A75,Sheet2!A:G,2,FALSE) -> 10855.35 | C75: =VLOOKUP(A75,Sheet2!$A:$H,3,FALSE) -> 5 | D75: =VLOOKUP(A75,Sheet4!A:Q,13,FALSE) -> 422.53 | E75: =VLOOKUP(A75,Sheet4!A:C,3,FALSE) -> 278.6 | F75: =VLOOKUP(A75,Sheet4!A:F,6,FALSE) -> 278.61 | G75: =VLOOKUP(A75,Sheet4!A:D,4,FALSE) -> 651.1 | H75: =VLOOKUP(A75,Sheet4!A:H,8,FALSE) -> 1194.31 | I75: =VLOOKUP(A75,Sheet2!$A:$H,7,FALSE) -> 200195 | J75: 97 | K75: 142 | L75: 1 | M75: 1 | N75: 113.99976 | O75: 22.950877 | P75: 3 | Q75: 4 | R75: 0 | S75: 0 | T75: 0 | U75: 0 | V75: 0 | W75: 0 | X75: 0 | Y75: 0 | Z75: 0 | AA75: 0 | AB75: 0 | AC75: 0 | AD75: 1 | AE75: 1 | AF75: 0 | AG75: 0 | AH75: 1 | AI75: 0 | AJ75: 0 | AK75: 0 | AL75: 0 | AM75: 0 | AN75: 0 | AO75: 0 | AP75: 0 | AQ75: 0 | AR75: 0 | AS75: 179 | AT75: 2310000 | AU75: 2 | AV75: 22000 | AW75: 213 | AX75: 345 | AY75: 0 | AZ75: 0
A76: 东莞 | B76: =VLOOKUP(A76,Sheet2!A:G,2,FALSE) -> 10855.35 | C76: =VLOOKUP(A76,Sheet2!$A:$H,3,FALSE) -> 5 | D76: =VLOOKUP(A76,Sheet4!A:Q,13,FALSE) -> 422.53 | E76: =VLOOKUP(A76,Sheet4!A:C,3,FALSE) -> 278.6 | F76: =VLOOKUP(A76,Sheet4!A:F,6,FALSE) -> 278.61 | G76: =VLOOKUP(A76,Sheet4!A:D,4,FALSE) -> 651.1 | H76: =VLOOKUP(A76,Sheet4!A:H,8,FALSE) -> 1194.31 | I76: =VLOOKUP(A76,Sheet2!$A:$H,7,FALSE) -> 200195 | J76: 75 | K76: 117 | L76: 0 | M76: 0 | N76: 113.89714 | O76: 22.961359 | P76: 2 | Q76: 3 | R76: 0 | S76: 1 | T76: 1 | U76: 1 | V76: 0 | W76: 0 | X76: 0 | Y76: 0 | Z76: 0 | AA76: 0 | AB76: 0 | AC76: 0 | AD76: 0 | AE76: 0 | AF76: 1 | AG76: 0 | AH76: 0 | AI76: 0 | AJ76: 0 | AK76: 0 | AL76: 0 | AM76: 0 | AN76: 0 | AO76: 0 | AP76: 2 | AQ76: 0 | AR76: 1 | AS76: 2457 | AT76: 1390000 | AU76: 0 | AV76: 18800 | AW76: 139 | AX76: =AW76+60 -> 199 | AY76: 0 | AZ76: 0
A77: 东莞 | B77: =VLOOKUP(A77,Sheet2!A:G,2,FALSE) -> 10855.35 | C77: =VLOOKUP(A77,Sheet2!$A:$H,3,FALSE) -> 5 | D77: =VLOOKUP(A77,Sheet4!A:Q,13,FALSE) -> 422.53 | E77: =VLOOKUP(A77,Sheet4!A:C,3,FALSE) -> 278.6 | F77: =VLOOKUP(A77,Sheet4!A:F,6,FALSE) -> 278.61 | G77: =VLOOKUP(A77,Sheet4!A:D,4,FALSE) -> 651.1 | H77: =VLOOKUP(A77,Sheet4!A:H,8,FALSE) -> 1194.31 | I77: =VLOOKUP(A77,Sheet2!$A:$H,7,FALSE) -> 200195 | J77: 80 | K77: 247 | L77: 1 | M77: 1 | N77: 113.87895 | O77: 23.122108 | P77: 2 | Q77: 5 | R77: 0 | S77: 0 | T77: 1 | U77: 1 | V77: 1 | W77: 0 | X77: 0 | Y77: 0 | Z77: 0 | AA77: 0 | AB77: 0 | AC77: 0 | AD77: 0 | AE77: 0 | AF77: 0 | AG77: 0 | AH77: 0 | AI77: 0 | AJ77: 0 | AK77: 0 | AL77: 0 | AM77: 1 | AN77: 0 | AO77: 0 | AP77: 0 | AQ77: 0 | AR77: 1 | AS77: 792 | AT77: 1700000 | AU77: 0 | AV77: 16800 | AW77: 260 | AX77: 412 | AY77: 0 | AZ77: 0
A78: 东莞 | B78: =VLOOKUP(A78,Sheet2!A:G,2,FALSE) -> 10855.35 | C78: =VLOOKUP(A78,Sheet2!$A:$H,3,FALSE) -> 5 | D78: =VLOOKUP(A78,Sheet4!A:Q,13,FALSE) -> 422.53 | E78: =VLOOKUP(A78,Sheet4!A:C,3,FALSE) -> 278.6 | F78: =VLOOKUP(A78,Sheet4!A:F,6,FALSE) -> 278.61 | G78: =VLOOKUP(A78,Sheet4!A:D,4,FALSE) -> 651.1 | H78: =VLOOKUP(A78,Sheet4!A:H,8,FALSE) -> 1194.31 | I78: =VLOOKUP(A78,Sheet2!$A:$H,7,FALSE) -> 200195 | J78: 101 | K78: 140 | L78: 1 | M78: 0 | N78: 113.62205 | O78: 22.828629 | P78: 3 | Q78: 4 | R78: 0 | S78: 1 | T78: 0 | U78: 0 | V78: 0 | W78: 0 | X78: 0 | Y78: 0 | Z78: 1 | AA78: 0 | AB78: 0 | AC78: 0 | AD78: 1 | AE78: 0 | AF78: 0 | AG78: 0 | AH78: 0 | AI78: 0 | AJ78: 0 | AK78: 0 | AL78: 0 | AM78: 0 | AN78: 1 | AO78: 0 | AP78: 0 | AQ78: 0 | AR78: 1 | AS78: 556 | AT78: 3100000 | AU78: 0 | AV78: 27500 | AW78: 238 | AX78: 385 | AY78: 0 | AZ78: 0
A79: 东莞 | B79: =VLOOKUP(A79,Sheet2!A:G,2,FALSE) -> 10855.35 | C79: =VLOOKUP(A79,Sheet2!$A:$H,3,FALSE) -> 5 | D79: =VLOOKUP(A79,Sheet4!A:Q,13,FALSE) -> 422.53 | E79: =VLOOKUP(A79,Sheet4!A:C,3,FALSE) -> 278.6 | F79: =VLOOKUP(A79,Sheet4!A:F,6,FALSE) -> 278.61 | G79: =VLOOKUP(A79,Sheet4!A:D,4,FALSE) -> 651.1 | H79: =VLOOKUP(A79,Sheet4!A:H,8,FALSE) -> 1194.31 | I79: =VLOOKUP(A79,Sheet2!$A:$H,7,FALSE) -> 200195 | J79: 86 | K79: 124 | L79: 1 | M79: 1 | N79: 114.08068 | O79: 22.980414 | P79: 2 | Q79: 3 | R79: 0 | S79: 1 | T79: 1 | U79: 0 | V79: 0 | W79: 0 | X79: 0 | Y79: 0 | Z79: 1 | AA79: 0 | AB79: 0 | AC79: 0 | AD79: 0 | AE79: 0 | AF79: 0 | AG79: 0 | AH79: 0 | AI79: 0 | AJ79: 0 | AK79: 0 | AL79: 0 | AM79: 0 | AN79: 1 | AO79: 0 | AP79: 0 | AQ79: 0 | AR79: 1 | AS79: 492 | AT79: 1460000 | AU79: 0 | AV79: 17000 | AW79: 170 | AX79: 205 | AY79: 0 | AZ79: 0
A80: 东莞 | B80: =VLOOKUP(A80,Sheet2!A:G,2,FALSE) -> 10855.35 | C80: =VLOOKUP(A80,Sheet2!$A:$H,3,FALSE) -> 5 | D80: =VLOOKUP(A80,Sheet4!A:Q,13,FALSE) -> 422.53 | E80: =VLOOKUP(A80,Sheet4!A:C,3,FALSE) -> 278.6 | F80: =VLOOKUP(A80,Sheet4!A:F,6,FALSE) -> 278.61 | G80: =VLOOKUP(A80,Sheet4!A:D,4,FALSE) -> 651.1 | H80: =VLOOKUP(A80,Sheet4!A:H,8,FALSE) -> 1194.31 | I80: =VLOOKUP(A80,Sheet2!$A:$H,7,FALSE) -> 200195 | J80: 65 | K80: 120 | L80: 1 | M80: 1 | N80: 113.89751 | O80: 23.120038 | P80: 2 | Q80: 3 | R80: 1 | S80: 0 | T80: 0 | U80: 1 | V80: 1 | W80: 0 | X80: 0 | Y80: 0 | Z80: 0 | AA80: 0 | AB80: 0 | AC80: 0 | AD80: 0 | AE80: 0 | AF80: 0 | AG80: 0 | AH80: 0 | AI80: 0 | AJ80: 0 | AK80: 0 | AL80: 0 | AM80: 1 | AN80: 0 | AO80: 0 | AP80: 0 | AQ80: 0 | AR80: 1 | AS80: 802 | AT80: 1500000 | AU80: 2 | AV80: 20000 | AW80: 132 | AX80: 312 | AY80: 0 | AZ80: 0
A81: 儋州 | B81: 395.33 | C81: 5 | D81: =VLOOKUP(A81,Sheet4!A:Q,13,FALSE) -> 2.35 | E81: =VLOOKUP(A81,Sheet4!A:C,3,FALSE) -> 97.6 | F81: =VLOOKUP(A81,Sheet4!A:F,6,FALSE) -> 19.38 | G81: =VLOOKUP(A81,Sheet4!A:D,4,FALSE) -> 19.4 | H81: =VLOOKUP(A81,Sheet4!A:H,8,FALSE) -> 36.32 | I81: 145900 | J81: 62 | K81: 122 | L81: 0 | M81: 0 | N81: 109.21642 | O81: 19.676095 | P81: 1 | Q81: 3 | R81: 1 | S81: 1 | T81: 0 | U81: 0 | V81: 0 | W81: 0 | X81: 0 | Y81: 1 | Z81: 0 | AA81: 0 | AB81: 0 | AC81: 0 | AD81: 0 | AE81: 0 | AF81: 0 | AG81: 0 | AH81: 0 | AI81: 0 | AJ81: 0 | AK81: 0 | AL81: 0 | AM81: 0 | AN81: 0 | AO81: 1 | AP81: 0 | AQ81: 0 | AR81: 0 | AS81: 1860 | AT81: 1000000 | AU81: 0 | AV81: 16000 | AW81: 100 | AX81: 141 | AY81: 0 | AZ81: 0
A82: 儋州 | B82: 395.33 | C82: 5 | D82: =VLOOKUP(A82,Sheet4!A:Q,13,FALSE) -> 2.35 | E82: =VLOOKUP(A82,Sheet4!A:C,3,FALSE) -> 97.6 | F82: =VLOOKUP(A82,Sheet4!A:F,6,FALSE) -> 19.38 | G82: =VLOOKUP(A82,Sheet4!A:D,4,FALSE) -> 19.4 | H82: =VLOOKUP(A82,Sheet4!A:H,8,FALSE) -> 36.32 | I82: 145900 | J82: 98 | K82: 140 | L82: 0 | M82: 1 | N82: 109.59939 | O82: 19.5451 | P82: 3 | Q82: 4 | R82: 1 | S82: 0 | T82: 0 | U82: 1 | V82: 1 | W82: 0 | X82: 0 | Y82: 0 | Z82: 1 | AA82: 0 | AB82: 0 | AC82: 0 | AD82: 0 | AE82: 0 | AF82: 0 | AG82: 0 | AH82: 0 | AI82: 0 | AJ82: 0 | AK82: 0 | AL82: 0 | AM82: 0 | AN82: 0 | AO82: 0 | AP82: 0 | AQ82: 0 | AR82: 0 | AS82: 1977 | AT82: 1010000 | AU82: 0 | AV82: 9000 | AW82: 101 | AX82: 143 | AY82: 0 | AZ82: 0
A83: 儋州 | B83: 395.33 | C83: 5 | D83: =VLOOKUP(A83,Sheet4!A:Q,13,FALSE) -> 2.35 | E83: =VLOOKUP(A83,Sheet4!A:C,3,FALSE) -> 97.6 | F83: =VLOOKUP(A83,Sheet4!A:F,6,FALSE) -> 19.38 | G83: =VLOOKUP(A83,Sheet4!A:D,4,FALSE) -> 19.4 | H83: =VLOOKUP(A83,Sheet4!A:H,8,FALSE) -> 36.32 | I83: 145900 | J83: 70 | K83: 79 | L83: 0 | M83: 1 | N83: 109.56421 | O83: 19.523936 | P83: 2 | Q83: 2 | R83: 1 | S83: 0 | T83: 0 | U83: 1 | V83: 1 | W83: 0 | X83: 0 | Y83: 0 | Z83: 1 | AA83: 0 | AB83: 0 | AC83: 0 | AD83: 0 | AE83: 0 | AF83: 0 | AG83: 0 | AH83: 0 | AI83: 0 | AJ83: 0 | AK83: 0 | AL83: 0 | AM83: 0 | AN83: 0 | AO83: 0 | AP83: 0 | AQ83: 0 | AR83: 0 | AS83: 1259 | AT83: 660000 | AU83: 0 | AV83: 9300 | AW83: 66 | AX83: 75 | AY83: 0 | AZ83: 0
A84: 儋州 | B84: 395.33 | C84: 5 | D84: =VLOOKUP(A84,Sheet4!A:Q,13,FALSE) -> 2.35 | E84: =VLOOKUP(A84,Sheet4!A:C,3,FALSE) -> 97.6 | F84: =VLOOKUP(A84,Sheet4!A:F,6,FALSE) -> 19.38 | G84: =VLOOKUP(A84,Sheet4!A:D,4,FALSE) -> 19.4 | H84: =VLOOKUP(A84,Sheet4!A:H,8,FALSE) -> 36.32 | I84: 145900 | J84: 45 | K84: 105 | L84: 0 | M84: 0 | N84: 109.2315 | O84: 19.698612 | P84: 1 | Q84: 2 | R84: 1 | S84: 1 | T84: 0 | U84: 0 | V84: 1 | W84: 0 | X84: 0 | Y84: 0 | Z84: 1 | AA84: 0 | AB84: 0 | AC84: 0 | AD84: 0 | AE84: 0 | AF84: 0 | AG84: 0 | AH84: 0 | AI84: 0 | AJ84: 0 | AK84: 0 | AL84: 0 | AM84: 0 | AN84: 0 | AO84: 0 | AP84: 0 | AQ84: 0 | AR84: 0 | AS84: 2135 | AT84: 720000 | AU84: 0 | AV84: 15800 | AW84: 72 | AX84: 168 | AY84: 0 | AZ84: 0
A85: 儋州 | B85: 395.33 | C85: 5 | D85: =VLOOKUP(A85,Sheet4!A:Q,13,FALSE) -> 2.35 | E85: =VLOOKUP(A85,Sheet4!A:C,3,FALSE) -> 97.6 | F85: =VLOOKUP(A85,Sheet4!A:F,6,FALSE) -> 19.38 | G85: =VLOOKUP(A85,Sheet4!A:D,4,FALSE) -> 19.4 | H85: =VLOOKUP(A85,Sheet4!A:H,8,FALSE) -> 36.32 | I85: 145900 | J85: 102 | K85: 142 | L85: 0 | M85: 0 | N85: 109.60159 | O85: 19.540556 | P85: 3 | Q85: 4 | R85: 1 | S85: 0 | T85: 0 | U85: 0 | V85: 1 | W85: 0 | X85: 0 | Y85: 0 | Z85: 0 | AA85: 0 | AB85: 0 | AC85: 0 | AD85: 0 | AE85: 0 | AF85: 0 | AG85: 0 | AH85: 0 | AI85: 0 | AJ85: 0 | AK85: 0 | AL85: 0 | AM85: 0 | AN85: 0 | AO85: 0 | AP85: 0 | AQ85: 0 | AR85: 0 | AS85: 1568 | AT85: 1270000 | AU85: 0 | AV85: 9650 | AW85: 127 | AX85: =AW85+60 -> 187 | AY85: 0 | AZ85: 0
A86: 儋州 | B86: 395.33 | C86: 5 | D86: =VLOOKUP(A86,Sheet4!A:Q,13,FALSE) -> 2.35 | E86: =VLOOKUP(A86,Sheet4!A:C,3,FALSE) -> 97.6 | F86: =VLOOKUP(A86,Sheet4!A:F,6,FALSE) -> 19.38 | G86: =VLOOKUP(A86,Sheet4!A:D,4,FALSE) -> 19.4 | H86: =VLOOKUP(A86,Sheet4!A:H,8,FALSE) -> 36.32 | I86: 145900 | J86: 110 | K86: 110 | L86: 0 | M86: 1 | N86: 109.59704 | O86: 19.534005 | P86: 3 | Q86: 3 | R86: 1 | S86: 0 | T86: 0 | U86: 1 | V86: 1 | W86: 0 | X86: 0 | Y86: 0 | Z86: 1 | AA86: 0 | AB86: 0 | AC86: 0 | AD86: 0 | AE86: 0 | AF86: 0 | AG86: 0 | AH86: 0 | AI86: 0 | AJ86: 0 | AK86: 0 | AL86: 0 | AM86: 0 | AN86: 0 | AO86: 0 | AP86: 2 | AQ86: 0 | AR86: 0 | AS86: 1894 | AT86: 970000 | AU86: 0 | AV86: 11000 | AW86: 121 | AX86: =AW86+60 -> 181 | AY86: 0 | AZ86: 0
A87: 儋州 | B87: 395.33 | C87: 5 | D87: =VLOOKUP(A87,Sheet4!A:Q,13,FALSE) -> 2.35 | E87: =VLOOKUP(A87,Sheet4!A:C,3,FALSE) -> 97.6 | F87: =VLOOKUP(A87,Sheet4!A:F,6,FALSE) -> 19.38 | G87: =VLOOKUP(A87,Sheet4!A:D,4,FALSE) -> 19.4 | H87: =VLOOKUP(A87,Sheet4!A:H,8,FALSE) -> 36.32 | I87: 145900 | J87: 89 | K87: 171 | L87: 0 | M87: 1 | N87: 109.60774 | O87: 19.535383 | P87: 3 | Q87: 4 | R87: 1 | S87: 0 | T87: 0 | U87: 1 | V87: 1 | W87: 0 | X87: 0 | Y87: 0 | Z87: 0 | AA87: 1 | AB87: 0 | AC87: 0 | AD87: 0 | AE87: 0 | AF87: 0 | AG87: 0 | AH87: 0 | AI87: 0 | AJ87: 0 | AK87: 0 | AL87: 0 | AM87: 0 | AN87: 0 | AO87: 0 | AP87: 0 | AQ87: 0 | AR87: 0 | AS87: 1939 | AT87: 1550000 | AU87: 0 | AV87: 9000 | AW87: 155 | AX87: =AW87+60 -> 215 | AY87: 0 | AZ87: 0
A88: 儋州 | B88: 395.33 | C88: 5 | D88: =VLOOKUP(A88,Sheet4!A:Q,13,FALSE) -> 2.35 | E88: =VLOOKUP(A88,Sheet4!A:C,3,FALSE) -> 97.6 | F88: =VLOOKUP(A88,Sheet4!A:F,6,FALSE) -> 19.38 | G88: =VLOOKUP(A88,Sheet4!A:D,4,FALSE) -> 19.4 | H88: =VLOOKUP(A88,Sheet4!A:H,8,FALSE) -> 36.32 | I88: 145900 | J88: 98 | K88: 128 | L88: 0 | M88: 1 | N88: 109.59312 | O88: 19.545355 | P88: 3 | Q88: 4 | R88: 1 | S88: 0 | T88: 0 | U88: 1 | V88: 1 | W88: 0 | X88: 0 | Y88: 0 | Z88: 1 | AA88: 0 | AB88: 0 | AC88: 0 | AD88: 0 | AE88: 0 | AF88: 0 | AG88: 0 | AH88: 0 | AI88: 0 | AJ88: 0 | AK88: 0 | AL88: 0 | AM88: 0 | AN88: 0 | AO88: 0 | AP88: 0 | AQ88: 0 | AR88: 0 | AS88: 1205 | AT88: 980000 | AU88: 0 | AV88: 10000 | AW88: 103 | AX88: 135 | AY88: 0 | AZ88: 0
A89: 德阳 | B89: =VLOOKUP(A89,Sheet2!A:G,2,FALSE) -> 2656.56 | C89: =VLOOKUP(A89,Sheet2!$A:$H,3,FALSE) -> 4 | D89: =VLOOKUP(A89,Sheet4!A:Q,13,FALSE) -> 25.41 | E89: =VLOOKUP(A89,Sheet4!A:C,3,FALSE) -> 95.6 | F89: =VLOOKUP(A89,Sheet4!A:F,6,FALSE) -> 54.65 | G89: =VLOOKUP(A89,Sheet4!A:D,4,FALSE) -> 22.2 | H89: =VLOOKUP(A89,Sheet4!A:H,8,FALSE) -> 98.53 | I89: =VLOOKUP(A89,Sheet2!$A:$H,7,FALSE) -> 504200 | J89: 90 | K89: 143 | L89: 1 | M89: 1 | N89: 104.28226 | O89: 31.006608 | P89: 3 | Q89: 4 | R89: 0 | S89: 1 | T89: 1 | U89: 1 | V89: 0 | W89: 0 | X89: 0 | Y89: 0 | Z89: 1 | AA89: 0 | AB89: 0 | AC89: 0 | AD89: 0 | AE89: 0 | AF89: 0 | AG89: 0 | AH89: 0 | AI89: 0 | AJ89: 0 | AK89: 0 | AL89: 0 | AM89: 0 | AN89: 0 | AO89: 0 | AP89: 0 | AQ89: 0 | AR89: 0 | AS89: 798 | AT89: 600000 | AU89: 0 | AV89: 7000 | AW89: 63 | AX89: 81.9 | AY89: 0 | AZ89: 0
A90: 德阳 | B90: =VLOOKUP(A90,Sheet2!A:G,2,FALSE) -> 2656.56 | C90: =VLOOKUP(A90,Sheet2!$A:$H,3,FALSE) -> 4 | D90: =VLOOKUP(A90,Sheet4!A:Q,13,FALSE) -> 25.41 | E90: =VLOOKUP(A90,Sheet4!A:C,3,FALSE) -> 95.6 | F90: =VLOOKUP(A90,Sheet4!A:F,6,FALSE) -> 54.65 | G90: =VLOOKUP(A90,Sheet4!A:D,4,FALSE) -> 22.2 | H90: =VLOOKUP(A90,Sheet4!A:H,8,FALSE) -> 98.53 | I90: =VLOOKUP(A90,Sheet2!$A:$H,7,FALSE) -> 504200 | J90: 89 | K90: 138 | L90: 1 | M90: 1 | N90: 104.25692 | O90: 30.996551 | P90: 3 | Q90: 4 | R90: 0 | S90: 1 | T90: 0 | U90: 0 | V90: 0 | W90: 0 | X90: 0 | Y90: 0 | Z90: 1 | AA90: 0 | AB90: 0 | AC90: 0 | AD90: 1 | AE90: 0 | AF90: 0 | AG90: 0 | AH90: 0 | AI90: 0 | AJ90: 0 | AK90: 0 | AL90: 0 | AM90: 0 | AN90: 1 | AO90: 0 | AP90: 0 | AQ90: 0 | AR90: 0 | AS90: 870 | AT90: 670000 | AU90: 0 | AV90: 6500 | AW90: 80 | AX90: =AW90+60 -> 140 | AY90: 0 | AZ90: 0
A91: 德阳 | B91: =VLOOKUP(A91,Sheet2!A:G,2,FALSE) -> 2656.56 | C91: =VLOOKUP(A91,Sheet2!$A:$H,3,FALSE) -> 4 | D91: =VLOOKUP(A91,Sheet4!A:Q,13,FALSE) -> 25.41 | E91: =VLOOKUP(A91,Sheet4!A:C,3,FALSE) -> 95.6 | F91: =VLOOKUP(A91,Sheet4!A:F,6,FALSE) -> 54.65 | G91: =VLOOKUP(A91,Sheet4!A:D,4,FALSE) -> 22.2 | H91: =VLOOKUP(A91,Sheet4!A:H,8,FALSE) -> 98.53 | I91: =VLOOKUP(A91,Sheet2!$A:$H,7,FALSE) -> 504200 | J91: 100 | K91: 145 | L91: 1 | M91: 1 | N91: 104.29086 | O91: 30.952248 | P91: 2 | Q91: 3 | R91: 0 | S91: 1 | T91: 1 | U91: 0 | V91: 0 | W91: 0 | X91: 0 | Y91: 0 | Z91: 0 | AA91: 0 | AB91: 0 | AC91: 0 | AD91: 0 | AE91: 0 | AF91: 0 | AG91: 0 | AH91: 0 | AI91: 0 | AJ91: 0 | AK91: 0 | AL91: 0 | AM91: 0 | AN91: 1 | AO91: 0 | AP91: 0 | AQ91: 0 | AR91: 0 | AS91: 1389 | AT91: 680000 | AU91: 0 | AV91: 6300 | AW91: 63.44 | AX91: 92 | AY91: 0 | AZ91: 0
A92: 德阳 | B92: =VLOOKUP(A92,Sheet2!A:G,2,FALSE) -> 2656.56 | C92: =VLOOKUP(A92,Sheet2!$A:$H,3,FALSE) -> 4 | D92: =VLOOKUP(A92,Sheet4!A:Q,13,FALSE) -> 25.41 | E92: =VLOOKUP(A92,Sheet4!A:C,3,FALSE) -> 95.6 | F92: =VLOOKUP(A92,Sheet4!A:F,6,FALSE) -> 54.65 | G92: =VLOOKUP(A92,Sheet4!A:D,4,FALSE) -> 22.2 | H92: =VLOOKUP(A92,Sheet4!A:H,8,FALSE) -> 98.53 | I92: =VLOOKUP(A92,Sheet2!$A:$H,7,FALSE) -> 504200 | J92: 78 | K92: 123 | L92: 1 | M92: 1 | N92: 104.29517 | O92: 30.99705 | P92: 2 | Q92: 3 | R92: 1 | S92: 0 | T92: 1 | U92: 1 | V92: 0 | W92: 0 | X92: 0 | Y92: 0 | Z92: 0 | AA92: 0 | AB92: 0 | AC92: 0 | AD92: 0 | AE92: 0 | AF92: 0 | AG92: 0 | AH92: 0 | AI92: 0 | AJ92: 0 | AK92: 0 | AL92: 0 | AM92: 0 | AN92: 0 | AO92: 0 | AP92: 2 | AQ92: 0 | AR92: 0 | AS92: 597 | AT92: 440000 | AU92: 0 | AV92: 4500 | AW92: 44 | AX92: 56 | AY92: 0 | AZ92: 0
A93: 德阳 | B93: =VLOOKUP(A93,Sheet2!A:G,2,FALSE) -> 2656.56 | C93: =VLOOKUP(A93,Sheet2!$A:$H,3,FALSE) -> 4 | D93: =VLOOKUP(A93,Sheet4!A:Q,13,FALSE) -> 25.41 | E93: =VLOOKUP(A93,Sheet4!A:C,3,FALSE) -> 95.6 | F93: =VLOOKUP(A93,Sheet4!A:F,6,FALSE) -> 54.65 | G93: =VLOOKUP(A93,Sheet4!A:D,4,FALSE) -> 22.2 | H93: =VLOOKUP(A93,Sheet4!A:H,8,FALSE) -> 98.53 | I93: =VLOOKUP(A93,Sheet2!$A:$H,7,FALSE) -> 504200 | J93: 110 | K93: 198 | L93: 0 | M93: 1 | N93: 104.40088 | O93: 31.105895 | P93: 3 | Q93: 4 | R93: 1 | S93: 0 | T93: 0 | U93: 1 | V93: 1 | W93: 0 | X93: 0 | Y93: 0 | Z93: 0 | AA93: 0 | AB93: 0 | AC93: 0 | AD93: 0 | AE93: 0 | AF93: 0 | AG93: 0 | AH93: 0 | AI93: 0 | AJ93: 0 | AK93: 0 | AL93: 0 | AM93: 0 | AN93: 0 | AO93: 0 | AP93: 0 | AQ93: 0 | AR93: 0 | AS93: 1023 | AT93: 1800000 | AU93: 0 | AV93: 10500 | AW93: 165 | AX93: 217 | AY93: 0 | AZ93: 0
A94: 德阳 | B94: =VLOOKUP(A94,Sheet2!A:G,2,FALSE) -> 2656.56 | C94: =VLOOKUP(A94,Sheet2!$A:$H,3,FALSE) -> 4 | D94: =VLOOKUP(A94,Sheet4!A:Q,13,FALSE) -> 25.41 | E94: =VLOOKUP(A94,Sheet4!A:C,3,FALSE) -> 95.6 | F94: =VLOOKUP(A94,Sheet4!A:F,6,FALSE) -> 54.65 | G94: =VLOOKUP(A94,Sheet4!A:D,4,FALSE) -> 22.2 | H94: =VLOOKUP(A94,Sheet4!A:H,8,FALSE) -> 98.53 | I94: =VLOOKUP(A94,Sheet2!$A:$H,7,FALSE) -> 504200 | J94: 93 | K94: 124 | L94: 1 | M94: 1 | N94: 104.28774 | O94: 31.010962 | P94: 3 | Q94: 4 | R94: 0 | S94: 1 | T94: 0 | U94: 1 | V94: 0 | W94: 0 | X94: 0 | Y94: 0 | Z94: 0 | AA94: 0 | AB94: 0 | AC94: 0 | AD94: 0 | AE94: 0 | AF94: 0 | AG94: 0 | AH94: 0 | AI94: 0 | AJ94: 0 | AK94: 0 | AL94: 0 | AM94: 0 | AN94: 0 | AO94: 0 | AP94: 0 | AQ94: 0 | AR94: 1 | AS94: 788 | AT94: 600000 | AU94: 0 | AV94: 5600 | AW94: 54 | AX94: 87 | AY94: 0 | AZ94: 0
A95: 达州 | B95: =VLOOKUP(A95,Sheet2!A:G,2,FALSE) -> 2351.7 | C95: =VLOOKUP(A95,Sheet2!$A:$H,3,FALSE) -> 4 | D95: =VLOOKUP(A95,Sheet4!A:Q,13,FALSE) -> 6.58 | E95: =VLOOKUP(A95,Sheet4!A:C,3,FALSE) -> 173.3 | F95: =VLOOKUP(A95,Sheet4!A:F,6,FALSE) -> 110.24 | G95: =VLOOKUP(A95,Sheet4!A:D,4,FALSE) -> 34.0 | H95: =VLOOKUP(A95,Sheet4!A:H,8,FALSE) -> 144.34 | I95: =VLOOKUP(A95,Sheet2!$A:$H,7,FALSE) -> 982600 | J95: 75 | K95: 106 | L95: 0 | M95: 1 | N95: 107.51451 | O95: 31.166884 | P95: 3 | Q95: 4 | R95: 1 | S95: 0 | T95: 0 | U95: 0 | V95: 1 | W95: 0 | X95: 0 | Y95: 0 | Z95: 0 | AA95: 1 | AB95: 0 | AC95: 0 | AD95: 0 | AE95: 0 | AF95: 0 | AG95: 0 | AH95: 0 | AI95: 0 | AJ95: 0 | AK95: 0 | AL95: 0 | AM95: 0 | AN95: 0 | AO95: 0 | AP95: 0 | AQ95: 0 | AR95: 0 | AS95: 663 | AT95: 490000 | AU95: 2 | AV95: 6200 | AW95: 50 | AX95: 70 | AY95: 0 | AZ95: 0
A96: 达州 | B96: =VLOOKUP(A96,Sheet2!A:G,2,FALSE) -> 2351.7 | C96: =VLOOKUP(A96,Sheet2!$A:$H,3,FALSE) -> 4 | D96: =VLOOKUP(A96,Sheet4!A:Q,13,FALSE) -> 6.58 | E96: =VLOOKUP(A96,Sheet4!A:C,3,FALSE) -> 173.3 | F96: =VLOOKUP(A96,Sheet4!A:F,6,FALSE) -> 110.24 | G96: =VLOOKUP(A96,Sheet4!A:D,4,FALSE) -> 34.0 | H96: =VLOOKUP(A96,Sheet4!A:H,8,FALSE) -> 144.34 | I96: =VLOOKUP(A96,Sheet2!$A:$H,7,FALSE) -> 982600 | J96: 84 | K96: 93 | L96: 0 | M96: 1 | N96: 107.44826 | O96: 31.213247 | P96: 3 | Q96: 4 | R96: 0 | S96: 0 | T96: 0 | U96: 0 | V96: 0 | W96: 0 | X96: 0 | Y96: 0 | Z96: 0 | AA96: 0 | AB96: 0 | AC96: 0 | AD96: 1 | AE96: 1 | AF96: 0 | AG96: 0 | AH96: 0 | AI96: 0 | AJ96: 0 | AK96: 0 | AL96: 0 | AM96: 0 | AN96: 0 | AO96: 0 | AP96: 0 | AQ96: 0 | AR96: 0 | AS96: 273 | AT96: 420000 | AU96: 2 | AV96: 4988 | AW96: 51 | AX96: 56 | AY96: 0 | AZ96: 0
A97: 达州 | B97: =VLOOKUP(A97,Sheet2!A:G,2,FALSE) -> 2351.7 | C97: =VLOOKUP(A97,Sheet2!$A:$H,3,FALSE) -> 4 | D97: =VLOOKUP(A97,Sheet4!A:Q,13,FALSE) -> 6.58 | E97: =VLOOKUP(A97,Sheet4!A:C,3,FALSE) -> 173.3 | F97: =VLOOKUP(A97,Sheet4!A:F,6,FALSE) -> 110.24 | G97: =VLOOKUP(A97,Sheet4!A:D,4,FALSE) -> 34.0 | H97: =VLOOKUP(A97,Sheet4!A:H,8,FALSE) -> 144.34 | I97: =VLOOKUP(A97,Sheet2!$A:$H,7,FALSE) -> 982600 | J97: 103 | K97: 195 | L97: 0 | M97: 1 | N97: 107.48511 | O97: 31.217931 | P97: 3 | Q97: 4 | R97: 1 | S97: 0 | T97: 0 | U97: 1 | V97: 1 | W97: 0 | X97: 0 | Y97: 0 | Z97: 0 | AA97: 1 | AB97: 0 | AC97: 0 | AD97: 0 | AE97: 0 | AF97: 0 | AG97: 0 | AH97: 0 | AI97: 0 | AJ97: 0 | AK97: 0 | AL97: 0 | AM97: 0 | AN97: 0 | AO97: 0 | AP97: 0 | AQ97: 0 | AR97: 0 | AS97: 1515 | AT97: 1100000 | AU97: 0 | AV97: 8500 | AW97: 145 | AX97: =AW97+60 -> 205 | AY97: 0 | AZ97: 0
A98: 达州 | B98: =VLOOKUP(A98,Sheet2!A:G,2,FALSE) -> 2351.7 | C98: =VLOOKUP(A98,Sheet2!$A:$H,3,FALSE) -> 4 | D98: =VLOOKUP(A98,Sheet4!A:Q,13,FALSE) -> 6.58 | E98: =VLOOKUP(A98,Sheet4!A:C,3,FALSE) -> 173.3 | F98: =VLOOKUP(A98,Sheet4!A:F,6,FALSE) -> 110.24 | G98: =VLOOKUP(A98,Sheet4!A:D,4,FALSE) -> 34.0 | H98: =VLOOKUP(A98,Sheet4!A:H,8,FALSE) -> 144.34 | I98: =VLOOKUP(A98,Sheet2!$A:$H,7,FALSE) -> 982600 | J98: 69 | K98: 87 | L98: 0 | M98: 1 | N98: 107.50817 | O98: 31.175544 | P98: 2 | Q98: 3 | R98: 1 | S98: 0 | T98: 0 | U98: 0 | V98: 1 | W98: 0 | X98: 0 | Y98: 0 | Z98: 0 | AA98: 0 | AB98: 0 | AC98: 0 | AD98: 0 | AE98: 0 | AF98: 0 | AG98: 0 | AH98: 0 | AI98: 0 | AJ98: 0 | AK98: 0 | AL98: 0 | AM98: 1 | AN98: 0 | AO98: 0 | AP98: 2 | AQ98: 0 | AR98: 0 | AS98: 1481 | AT98: 500000 | AU98: 2 | AV98: 4800 | AW98: 40 | AX98: =AW98+60 -> 100 | AY98: 0 | AZ98: 0
A99: 达州 | B99: =VLOOKUP(A99,Sheet2!A:G,2,FALSE) -> 2351.7 | C99: =VLOOKUP(A99,Sheet2!$A:$H,3,FALSE) -> 4 | D99: =VLOOKUP(A99,Sheet4!A:Q,13,FALSE) -> 6.58 | E99: =VLOOKUP(A99,Sheet4!A:C,3,FALSE) -> 173.3 | F99: =VLOOKUP(A99,Sheet4!A:F,6,FALSE) -> 110.24 | G99: =VLOOKUP(A99,Sheet4!A:D,4,FALSE) -> 34.0 | H99: =VLOOKUP(A99,Sheet4!A:H,8,FALSE) -> 144.34 | I99: =VLOOKUP(A99,Sheet2!$A:$H,7,FALSE) -> 982600 | J99: 157 | K99: 157 | L99: 0 | M99: 1 | N99: 107.46729 | O99: 31.234605 | P99: 4 | Q99: 4 | R99: 0 | S99: 1 | T99: 1 | U99: 1 | V99: 0 | W99: 0 | X99: 0 | Y99: 0 | Z99: 0 | AA99: 0 | AB99: 0 | AC99: 0 | AD99: 0 | AE99: 0 | AF99: 0 | AG99: 0 | AH99: 0 | AI99: 0 | AJ99: 0 | AK99: 0 | AL99: 0 | AM99: 0 | AN99: 0 | AO99: 0 | AP99: 1 | AQ99: 0 | AR99: 0 | AS99: 1714 | AT99: 2000000 | AU99: 0 | AV99: 13000 | AW99: 200 | AX99: =AW99+60 -> 260 | AY99: 0 | AZ99: 0
A100: 达州 | B100: =VLOOKUP(A100,Sheet2!A:G,2,FALSE) -> 2351.7 | C100: =VLOOKUP(A100,Sheet2!$A:$H,3,FALSE) -> 4 | D100: =VLOOKUP(A100,Sheet4!A:Q,13,FALSE) -> 6.58 | E100: =VLOOKUP(A100,Sheet4!A:C,3,FALSE) -> 173.3 | F100: =VLOOKUP(A100,Sheet4!A:F,6,FALSE) -> 110.24 | G100: =VLOOKUP(A100,Sheet4!A:D,4,FALSE) -> 34.0 | H100: =VLOOKUP(A100,Sheet4!A:H,8,FALSE) -> 144.34 | I100: =VLOOKUP(A100,Sheet2!$A:$H,7,FALSE) -> 982600 | J100: 91 | K100: 112 | L100: 0 | M100: 1 | N100: 107.42972 | O100: 31.199008 | P100: 3 | Q100: 3 | R100: 1 | S100: 0 | T100: 0 | U100: 0 | V100: 1 | W100: 0 | X100: 0 | Y100: 0 | Z100: 0 | AA100: 0 | AB100: 0 | AC100: 0 | AD100: 0 | AE100: 0 | AF100: 0 | AG100: 0 | AH100: 0 | AI100: 0 | AJ100: 0 | AK100: 0 | AL100: 0 | AM100: 0 | AN100: 0 | AO100: 0 | AP100: 2 | AQ100: 0 | AR100: 0 | AS100: 1469 | AT100: 400000 | AU100: 0 | AV100: 4500 | AW100: 38 | AX100: 49 | AY100: 0 | AZ100: 0
A101: 达州 | B101: =VLOOKUP(A101,Sheet2!A:G,2,FALSE) -> 2351.7 | C101: =VLOOKUP(A101,Sheet2!$A:$H,3,FALSE) -> 4 | D101: =VLOOKUP(A101,Sheet4!A:Q,13,FALSE) -> 6.58 | E101: =VLOOKUP(A101,Sheet4!A:C,3,FALSE) -> 173.3 | F101: =VLOOKUP(A101,Sheet4!A:F,6,FALSE) -> 110.24 | G101: =VLOOKUP(A101,Sheet4!A:D,4,FALSE) -> 34.0 | H101: =VLOOKUP(A101,Sheet4!A:H,8,FALSE) -> 144.34 | I101: =VLOOKUP(A101,Sheet2!$A:$H,7,FALSE) -> 982600 | J101: 84 | K101: 118 | L101: 0 | M101: 1 | N101: 107.52213 | O101: 31.182153 | P101: 3 | Q101: 4 | R101: 0 | S101: 0 | T101: 1 | U101: 1 | V101: 1 | W101: 0 | X101: 0 | Y101: 0 | Z101: 0 | AA101: 0 | AB101: 0 | AC101: 0 | AD101: 0 | AE101: 0 | AF101: 0 | AG101: 0 | AH101: 0 | AI101: 0 | AJ101: 0 | AK101: 0 | AL101: 0 | AM101: 1 | AN101: 0 | AO101: 0 | AP101: 0 | AQ101: 0 | AR101: 0 | AS101: 1274 | AT101: 600000 | AU101: 2 | AV101: 7300 | AW101: 56 | AX101: 71 | AY101: 0 | AZ101: 0
A102: 达州 | B102: =VLOOKUP(A102,Sheet2!A:G,2,FALSE) -> 2351.7 | C102: =VLOOKUP(A102,Sheet2!$A:$H,3,FALSE) -> 4 | D102: =VLOOKUP(A102,Sheet4!A:Q,13,FALSE) -> 6.58 | E102: =VLOOKUP(A102,Sheet4!A:C,3,FALSE) -> 173.3 | F102: =VLOOKUP(A102,Sheet4!A:F,6,FALSE) -> 110.24 | G102: =VLOOKUP(A102,Sheet4!A:D,4,FALSE) -> 34.0 | H102: =VLOOKUP(A102,Sheet4!A:H,8,FALSE) -> 144.34 | I102: =VLOOKUP(A102,Sheet2!$A:$H,7,FALSE) -> 982600 | J102: 19 | K102: 19 | L102: 0 | M102: 1 | N102: 107.46262 | O102: 31.219351 | P102: 1 | Q102: 1 | R102: 0 | S102: 1 | T102: 1 | U102: 1 | V102: 0 | W102: 0 | X102: 0 | Y102: 0 | Z102: 1 | AA102: 0 | AB102: 0 | AC102: 0 | AD102: 0 | AE102: 0 | AF102: 0 | AG102: 0 | AH102: 0 | AI102: 0 | AJ102: 0 | AK102: 0 | AL102: 0 | AM102: 0 | AN102: 0 | AO102: 0 | AP102: 2 | AQ102: 0 | AR102: 0 | AS102: 1383 | AT102: 700000 | AU102: 2 | AV102: 20000 | AW102: 70 | AX102: =AW102+60 -> 130 | AY102: 0 | AZ102: 0
A103: 大理 | B103: =VLOOKUP(A103,Sheet2!A:G,2,FALSE) -> 1632.99 | C103: =VLOOKUP(A103,Sheet2!$A:$H,3,FALSE) -> 4 | D103: =VLOOKUP(A103,Sheet4!A:Q,13,FALSE) -> 4.98 | E103: =VLOOKUP(A103,Sheet4!A:C,3,FALSE) -> 65.3 | F103: =VLOOKUP(A103,Sheet4!A:F,6,FALSE) -> 34.73 | G103: =VLOOKUP(A103,Sheet4!A:D,4,FALSE) -> 11.9 | H103: =VLOOKUP(A103,Sheet4!A:H,8,FALSE) -> 54.85 | I103: =VLOOKUP(A103,Sheet2!$A:$H,7,FALSE) -> 119980 | J103: 106 | K103: 147 | L103: 0 | M103: 1 | N103: 100.2865 | O103: 25.628772 | P103: 3 | Q103: 4 | R103: 0 | S103: 0 | T103: 0 | U103: 0 | V103: 0 | W103: 0 | X103: 0 | Y103: 0 | Z103: 0 | AA103: 0 | AB103: 0 | AC103: 0 | AD103: 0 | AE103: 1 | AF103: 0 | AG103: 0 | AH103: 0 | AI103: 0 | AJ103: 0 | AK103: 1 | AL103: 0 | AM103: 0 | AN103: 0 | AO103: 0 | AP103: 0 | AQ103: 0 | AR103: 0 | AS103: 317 | AT103: 900000 | AU103: 2 | AV103: 7500 | AW103: 80 | AX103: 120 | AY103: 0 | AZ103: 0
...

Sheet Sheet7
A1: 2-22020年全国城市人口和建设用地(按城市分列)
A2: NationalUrbanPopulationandConstructionLandbyCity(2020)
A3: 面积计量单位:平方公里
A4: 人口计量单位:万人
A5: AreaMeasurementUnit:SquareKilometer
A6: PopulationMeasurementUnit:10,000persons
A7: 城市名称 Nameof Cities | B7: 市区面积 Urban District Area | C7: 市区人口 Urban District Population | D7: 市区暂住 人 口 Urban District Temporary Population | E7: 城区面积 Urban Area | F7: 城区人口 Urban Population | G7: 城区暂住 人 口 Urban Temporary Population | H7: 建成区 面 积 Area of Built District | I7: 城市建设用地面积 Area of Urban Construction Land | R7: 本年征用 土地面积 Area of Land Requisition This Year | T7: 城市名称 Name of Cities
I8: 小 计 Subtotal | J8: 居住用地 Residen- tial | K8: 公共管理与 公共服务用地 Administr- ation and Public Services | L8: 商业服务业 设施用地 Commercial and Business Facilities | M8: 工业用地 Indust- rial, Manufac- turing | N8: 物流仓储 用 地 Logistics and Warehouse | O8: 道路交通 设施用地 Road, Street and Transpor- tation | P8: 公用设施 用 地 Municipal Utilities | Q8: 绿地与 广场用地 Green Space and Square | S8: 耕地 Arable Land
A9: 全国 | B9: 2322591.9 | C9: 81643.5 | D9: 12982.7 | E9: 186628.87 | F9: 44253.74 | G9: 9509.02 | H9: 60721.32 | I9: 58355.29 | J9: 18098.71 | K9: 5162.30 | L9: 4088.64 | M9: 11339.88 | N9: 1586.19 | O9: 9503.42 | P9: 1758.08 | Q9: 6818.07 | R9: 2362.38 | S9: 999.14 | T9: 全 国
A10: 北京 | C10: 2189.0 | F10: 1916.40 | T10: 北 京
A11: 天津 | B11: 11760.3 | C11: 1386.6 | E11: 2639.78 | F11: 1174.44 | H11: 1170.24 | I11: 1040.63 | J11: 289.37 | K11: 81.36 | L11: 86.80 | M11: 238.79 | N11: 51.19 | O11: 165.52 | P11: 20.36 | Q11: 107.24 | R11: 19.62 | S11: 9.65 | T11: 天 津
A12: 河北 | B12: 49498.0 | C12: 3721.8 | D12: 211.0 | E12: 6320.88 | F12: 1796.20 | G12: 154.10 | H12: 2236.46 | I12: 2067.10 | J12: 639.42 | K12: 155.68 | L12: 126.97 | M12: 234.12 | N12: 53.72 | O12: 353.26 | P12: 57.49 | Q12: 446.44 | R12: 34.60 | S12: 23.47 | T12: 河 北
A13: 石家庄 | B13: 2195.0 | C13: 502.8 | D13: 10.2 | E13: 518.81 | F13: 331.65 | G13: 4.70 | H13: 311.83 | I13: 186.84 | J13: 93.88 | K13: 20.96 | L13: 13.92 | M13: 23.29 | N13: 3.47 | O13: 12.60 | P13: 4.34 | Q13: 14.38 | R13: 4.48 | S13: 3.36 | T13: 石家庄
A14: 晋州 | B14: 619.0 | C14: 57.5 | D14: 1.0 | E14: 90.78 | F14: 13.32 | G14: 0.64 | H14: 14.83 | I14: 14.83 | J14: 4.44 | K14: 0.83 | L14: 0.80 | M14: 1.82 | N14: 0.40 | O14: 3.08 | P14: 0.10 | Q14: 3.36 | R14: 0.71 | S14: 0.47 | T14: 晋 州
A15: 新乐 | B15: 525.0 | C15: 51.7 | D15: 0.7 | E15: 45.92 | F15: 9.18 | G15: 0.37 | H15: 14.80 | I15: 14.26 | J15: 4.12 | K15: 0.97 | L15: 0.92 | M15: 0.74 | N15: 0.35 | O15: 2.77 | P15: 0.93 | Q15: 3.46 | T15: 新 乐
A16: 唐山 | B16: 3874.0 | C16: 307.2 | D16: 10.1 | E16: 293.65 | F16: 195.67 | G16: 10.07 | H16: 249.00 | I16: 240.96 | J16: 54.88 | K16: 11.79 | L16: 18.00 | M16: 38.95 | N16: 7.89 | O16: 41.58 | P16: 7.72 | Q16: 60.15 | T16: 唐 山
A17: 滦州 | B17: 1027.2 | C17: 57.4 | D17: 6.5 | E17: 140.80 | F17: 21.72 | G17: 6.40 | H17: 30.20 | I17: 30.20 | J17: 10.03 | K17: 3.21 | L17: 2.92 | M17: 0.25 | N17: 0.74 | O17: 4.65 | P17: 0.47 | Q17: 7.93 | T17: 滦 州
A18: 遵化 | B18: 1521.0 | C18: 76.8 | D18: 2.6 | E18: 85.80 | F18: 23.94 | G18: 1.96 | H18: 26.40 | I18: 26.05 | J18: 7.41 | K18: 1.10 | L18: 0.29 | M18: 2.10 | N18: 0.40 | O18: 5.26 | P18: 1.50 | Q18: 7.99 | R18: 0.38 | T18: 遵 化
A19: 迁安 | B19: 1227.0 | C19: 77.5 | D19: 4.3 | E19: 128.10 | F19: 31.90 | G19: 4.10 | H19: 45.00 | I19: 45.00 | J19: 11.88 | K19: 4.33 | L19: 4.60 | M19: 5.81 | N19: 0.22 | O19: 7.04 | P19: 0.38 | Q19: 10.74 | T19: 迁 安
A20: 秦皇岛 | B20: 2131.5 | C20: 149.2 | D20: 29.3 | E20: 290.30 | F20: 104.70 | G20: 29.34 | H20: 145.00 | I20: 141.75 | J20: 39.92 | K20: 10.15 | L20: 12.30 | M20: 15.10 | N20: 4.90 | O20: 24.38 | P20: 5.00 | Q20: 30.00 | R20: 1.94 | S20: 0.75 | T20: 秦皇岛
A21: 邯郸 | B21: 2685.7 | C21: 383.6 | D21: 22.9 | E21: 556.00 | F21: 207.73 | G21: 10.95 | H21: 189.20 | I21: 187.23 | J21: 48.27 | K21: 15.18 | L21: 9.76 | M21: 7.67 | N21: 8.36 | O21: 40.13 | P21: 6.48 | Q21: 51.38 | R21: 2.87 | S21: 2.28 | T21: 邯 郸
A22: 武安 | B22: 1806.0 | C22: 84.7 | D22: 1.9 | E22: 95.00 | F22: 24.47 | G22: 0.73 | H22: 38.60 | I22: 37.80 | J22: 10.16 | K22: 2.94 | L22: 1.69 | M22: 6.27 | N22: 0.92 | O22: 6.84 | P22: 1.12 | Q22: 7.86 | R22: 0.56 | S22: 0.39 | T22: 武 安
A23: 邢台 | B23: 994.2 | C23: 203.4 | D23: 4.2 | E23: 205.07 | F23: 75.58 | G23: 4.61 | H23: 157.05 | I23: 152.30 | J23: 50.15 | K23: 9.04 | L23: 7.80 | M23: 17.85 | N23: 2.61 | O23: 25.41 | P23: 2.49 | Q23: 36.95 | R23: 1.03 | S23: 0.88 | T23: 邢 台
A24: 南宫 | B24: 863.3 | C24: 50.9 | D24: 0.1 | E24: 53.50 | F24: 14.75 | G24: 0.47 | H24: 16.03 | I24: 16.03 | J24: 4.93 | K24: 1.05 | L24: 1.47 | M24: 1.30 | N24: 0.14 | O24: 3.38 | P24: 0.25 | Q24: 3.51 | T24: 南 宫
A25: 沙河 | B25: 999.0 | C25: 46.0 | D25: 0.1 | E25: 21.97 | F25: 10.95 | G25: 0.13 | H25: 17.74 | I25: 17.50 | J25: 6.87 | K25: 1.41 | L25: 1.01 | M25: 0.57 | N25: 0.57 | O25: 3.17 | P25: 0.94 | Q25: 2.96 | R25: 0.99 | S25: 0.02 | T25: 沙 河
A26: 保定 | B26: 2564.8 | C26: 288.4 | D26: 20.5 | E26: 359.65 | F26: 144.70 | G26: 19.33 | H26: 205.98 | I26: 198.61 | J26: 57.13 | K26: 15.35 | L26: 9.13 | M26: 38.84 | N26: 4.03 | O26: 31.87 | P26: 5.47 | Q26: 36.79 | R26: 3.92 | S26: 2.42 | T26: 保 定
A27: 涿州 | B27: 751.3 | C27: 69.9 | D27: 1.7 | E27: 181.00 | F27: 27.11 | G27: 1.12 | H27: 37.43 | I27: 37.43 | J27: 11.81 | K27: 3.91 | L27: 2.44 | M27: 5.42 | N27: 0.31 | O27: 6.80 | P27: 0.65 | Q27: 6.09 | R27: 0.77 | S27: 0.71 | T27: 涿 州
A28: 安国 | B28: 485.1 | C28: 40.4 | D28: 0.6 | E28: 31.71 | F28: 11.09 | G28: 0.48 | H28: 14.69 | I28: 13.66 | J28: 5.24 | K28: 0.71 | L28: 0.83 | M28: 0.71 | N28: 0.20 | O28: 2.91 | P28: 0.11 | Q28: 2.95 | R28: 0.90 | S28: 0.87 | T28: 安 国
A29: 高碑店 | B29: 620.0 | C29: 57.1 | D29: 1.7 | E29: 36.80 | F29: 14.34 | G29: 0.99 | H29: 21.08 | I29: 21.08 | J29: 5.13 | K29: 1.86 | L29: 1.14 | M29: 1.70 | N29: 0.27 | O29: 4.69 | P29: 1.01 | Q29: 5.28 | R29: 0.96 | S29: 0.92 | T29: 高碑店
A30: 张家口 | B30: 6963.8 | C30: 167.6 | D30: 12.5 | E30: 408.31 | F30: 90.61 | G30: 8.45 | H30: 101.80 | I30: 97.93 | J30: 23.58 | K30: 6.56 | L30: 4.10 | M30: 3.71 | N30: 1.68 | O30: 24.67 | P30: 3.53 | Q30: 30.10 | R30: 2.76 | S30: 2.24 | T30: 张家口
A31: 承德 | B31: 1252.7 | C31: 60.1 | D31: 2.9 | E31: 724.03 | F31: 54.98 | G31: 2.87 | H31: 80.06 | I31: 76.75 | J31: 19.80 | K31: 8.12 | L31: 4.71 | M31: 10.64 | N31: 1.95 | O31: 12.26 | P31: 1.47 | Q31: 17.80 | R31: 0.02 | S31: 0.02 | T31: 承 德
A32: 平泉 | B32: 3294.1 | C32: 47.4 | D32: 0.6 | E32: 26.00 | F32: 18.83 | G32: 0.48 | H32: 17.50 | I32: 17.30 | J32: 4.89 | K32: 1.17 | L32: 0.64 | M32: 0.84 | N32: 0.54 | O32: 3.63 | P32: 1.14 | Q32: 4.45 | R32: 0.94 | S32: 0.37 | T32: 平 泉
A33: 沧州 | B33: 320.0 | C33: 69.7 | D33: 10.7 | E33: 320.00 | F33: 58.60 | G33: 9.91 | H33: 87.24 | I33: 83.07 | J33: 30.81 | K33: 6.31 | L33: 3.68 | M33: 8.13 | N33: 2.12 | O33: 14.53 | P33: 1.34 | Q33: 16.15 | T33: 沧 州
A34: 泊头 | B34: 1007.0 | C34: 63.2 | D34: 0.2 | E34: 22.00 | F34: 16.84 | G34: 0.18 | H34: 20.03 | I34: 19.82 | J34: 6.63 | K34: 1.30 | L34: 1.02 | M34: 3.75 | N34: 0.18 | O34: 3.15 | P34: 0.24 | Q34: 3.55 | T34: 泊 头
A35: 任丘 | B35: 864.0 | C35: 81.6 | D35: 7.2 | E35: 74.40 | F35: 34.64 | G35: 2.23 | H35: 50.45 | I35: 50.39 | J35: 17.20 | K35: 4.59 | L35: 3.43 | M35: 4.80 | N35: 1.87 | O35: 7.58 | P35: 2.26 | Q35: 8.66 | R35: 1.69 | S35: 1.41 | T35: 任 丘
A36: 黄骅 | B36: 2202.0 | C36: 61.7 | D36: 5.9 | E36: 200.00 | F36: 15.24 | G36: 5.56 | H36: 38.20 | I36: 35.99 | J36: 6.31 | K36: 3.69 | L36: 3.72 | M36: 6.23 | N36: 0.95 | O36: 6.99 | P36: 0.61 | Q36: 7.49 | R36: 0.70 | T36: 黄 骅
A37: 河间 | B37: 1322.0 | C37: 87.9 | D37: 2.6 | E37: 69.40 | F37: 16.59 | G37: 2.09 | H37: 20.90 | I37: 20.67 | J37: 7.01 | K37: 0.90 | L37: 0.75 | M37: 1.31 | N37: 0.45 | O37: 3.87 | P37: 0.71 | Q37: 5.67 | R37: 0.74 | T37: 河 间
A38: 廊坊 | B38: 960.0 | C38: 87.9 | D38: 17.6 | E38: 292.00 | F38: 55.04 | G38: 12.86 | H38: 73.46 | I38: 73.31 | J38: 22.91 | K38: 3.96 | L38: 3.12 | M38: 7.02 | N38: 3.24 | O38: 13.55 | P38: 2.65 | Q38: 16.86 | R38: 3.21 | S38: 2.29 | T38: 廊 坊
A39: 霸州 | B39: 784.0 | C39: 66.0 | D39: 12.3 | E39: 79.00 | F39: 11.06 | G39: 4.10 | H39: 17.60 | I39: 17.51 | J39: 6.25 | K39: 0.79 | L39: 1.18 | M39: 1.32 | N39: 0.30 | O39: 2.70 | P39: 0.80 | Q39: 4.17 | R39: 2.92 | S39: 2.36 | T39: 霸 州
A40: 三河 | B40: 643.0 | C40: 75.5 | D40: 8.5 | E40: 169.00 | F40: 20.59 | G40: 1.90 | H40: 19.31 | I40: 19.31 | J40: 2.49 | K40: 3.64 | L40: 2.29 | M40: 0.40 | N40: 0.30 | O40: 4.89 | P40: 0.70 | Q40: 4.60 | T40: 三 河
A41: 衡水 | B41: 1509.6 | C41: 102.7 | D41: 4.3 | E41: 401.40 | F41: 62.26 | G41: 2.66 | H41: 75.59 | I41: 75.22 | J41: 26.73 | K41: 4.90 | L41: 3.95 | M41: 6.43 | N41: 1.64 | O41: 12.06 | P41: 1.38 | Q41: 18.13 | R41: 0.99 | S41: 0.85 | T41: 衡 水
A42: 深州 | B42: 1252.0 | C42: 58.1 | D42: 3.2 | E42: 83.19 | F42: 19.22 | G42: 0.10 | H42: 21.23 | I42: 20.80 | J42: 4.55 | K42: 1.45 | L42: 2.10 | M42: 1.90 | N42: 1.10 | O42: 4.17 | P42: 0.38 | Q42: 5.15 | T42: 深 州
A43: 辛集 | B43: 951.0 | C43: 64.0 | D43: 2.7 | E43: 137.10 | F43: 19.20 | G43: 3.00 | H43: 34.03 | I43: 33.30 | J43: 11.90 | K43: 1.58 | L43: 2.00 | M43: 4.22 | N43: 0.59 | O43: 5.90 | P43: 0.44 | Q43: 6.67 | R43: 1.12 | S43: 0.86 | T43: 辛 集
A44: 定州 | B44: 1283.7 | C44: 124.1 | D44: 1.6 | E44: 180.19 | F44: 39.70 | G44: 1.32 | H44: 44.20 | I44: 44.20 | J44: 22.11 | K44: 1.93 | L44: 1.26 | M44: 5.03 | N44: 1.03 | O44: 6.75 | P44: 0.88 | Q44: 5.21 | T44: 定 州
A47: 2-2续表1
A48: continued1
A49: 面积计量单位:平方公里
A50: 人口计量单位:万人
A51: AreaMeasurementUnit:SquareKilometer
A52: PopulationMeasurementUnit:10,000persons
A53: 城市名称 Nameof Cities | B53: 市区面积 Urban District Area | C53: 市区人口 Urban District Population | D53: 市区暂住 人 口 Urban District Temporary Population | E53: 城区面积 Urban Area | F53: 城区人口 Urban Population | G53: 城区暂住 人 口 Urban Temporary Population | H53: 建成区 面 积 Area of Built District | I53: 城市建设用地面积 Area of Urban Construction Land | R53: 本年征用 土地面积 Area of Land Requisition This Year | T53: 城市名称 Name of Cities
I54: 小 计 Subtotal | J54: 居住用地 Residen- tial | K54: 公共管理与 公共服务用地 Administr- ation and Public Services | L54: 商业服务业 设施用地 Commercial and Business Facilities | M54: 工业用地 Indust- rial, Manufac- turing | N54: 物流仓储 用 地 Logistics and Warehouse | O54: 道路交通 设施用地 Road, Street and Transpor- tation | P54: 公用设施 用 地 Municipal Utilities | Q54: 绿地与 广场用地 Green Space and Square | S54: 耕地 Arable Land
A55: 山西 | B55: 32068.4 | C55: 1685.3 | D55: 230.3 | E55: 3020.04 | F55: 1061.08 | G55: 151.41 | H55: 1267.19 | I55: 1239.13 | J55: 409.69 | K55: 132.19 | L55: 91.69 | M55: 180.84 | N55: 46.92 | O55: 218.81 | P55: 29.13 | Q55: 129.86 | R55: 495.50 | S55: 161.59 | T55: 山 西
A56: 太原 | B56: 1500.0 | C56: 388.8 | D56: 106.3 | E56: 1000.00 | F56: 301.93 | G56: 78.07 | H56: 340.00 | I56: 330.37 | J56: 95.71 | K56: 34.11 | L56: 33.77 | M56: 67.18 | N56: 19.36 | O56: 53.29 | P56: 4.96 | Q56: 21.99 | R56: 470.85 | S56: 152.14 | T56: 太 原
A57: 古交 | B57: 1512.0 | C57: 21.3 | D57: 1.8 | E57: 25.75 | F57: 15.04 | G57: 1.49 | H57: 17.05 | I57: 16.94 | J57: 5.20 | K57: 3.43 | L57: 0.49 | M57: 4.91 | N57: 0.03 | O57: 2.70 | P57: 0.08 | Q57: 0.10 | T57: 古 交
A58: 大同 | B58: 2080.0 | C58: 159.5 | D58: 10.0 | E58: 149.68 | F58: 122.98 | G58: 4.31 | H58: 149.68 | I58: 148.43 | J58: 51.74 | K58: 13.43 | L58: 10.75 | M58: 22.36 | N58: 6.02 | O58: 26.05 | P58: 1.92 | Q58: 16.16 | R58: 11.16 | S58: 3.26 | T58: 大 同
A59: 阳泉 | B59: 652.0 | C59: 71.9 | D59: 3.1 | E59: 62.20 | F59: 57.13 | G59: 3.08 | H59: 62.20 | I59: 51.04 | J59: 17.81 | K59: 2.51 | L59: 0.88 | M59: 11.32 | N59: 1.32 | O59: 11.37 | P59: 1.27 | Q59: 4.56 | T59: 阳 泉
A60: 长治 | B60: 2489.0 | C60: 161.2 | D60: 8.3 | E60: 243.80 | F60: 86.33 | G60: 7.04 | H60: 86.00 | I60: 83.58 | J60: 27.14 | K60: 14.88 | L60: 1.99 | M60: 15.05 | N60: 2.74 | O60: 13.59 | P60: 3.78 | Q60: 4.41 | R60: 0.06 | T60: 长 治
A61: 晋城 | B61: 2165.6 | C61: 90.1 | D61: 14.5 | E61: 142.59 | F61: 41.14 | G61: 10.34 | H61: 49.43 | I61: 49.43 | J61: 16.90 | K61: 7.62 | L61: 5.48 | M61: 4.05 | N61: 1.28 | O61: 9.73 | P61: 0.75 | Q61: 3.62 | R61: 4.39 | S61: 2.15 | T61: 晋 城
A62: 高平 | B62: 946.0 | C62: 48.7 | D62: 1.0 | E62: 63.00 | F62: 12.90 | G62: 0.50 | H62: 17.80 | I62: 17.30 | J62: 7.00 | K62: 1.50 | L62: 1.80 | M62: 0.85 | N62: 1.32 | O62: 2.48 | P62: 0.40 | Q62: 1.95 | R62: 0.01 | T62: 高 平
A63: 朔州 | B63: 4093.7 | C63: 68.5 | D63: 6.9 | E63: 176.00 | F63: 41.26 | G63: 6.25 | H63: 49.70 | I63: 49.01 | J63: 12.40 | K63: 4.00 | L63: 5.35 | M63: 0.98 | N63: 1.85 | O63: 10.02 | P63: 1.90 | Q63: 12.51 | T63: 朔 州
A64: 怀仁 | B64: 1232.0 | C64: 34.0 | D64: 2.2 | E64: 80.00 | F64: 20.41 | G64: 2.51 | H64: 28.00 | I64: 27.49 | J64: 6.65 | K64: 2.02 | L64: 2.04 | M64: 0.48 | N64: 0.34 | O64: 5.47 | P64: 1.94 | Q64: 8.55 | T64: 怀 仁
A65: 晋中 | B65: 1311.0 | C65: 64.3 | D65: 19.3 | E65: 251.52 | F65: 48.48 | G65: 19.25 | H65: 104.28 | I65: 123.30 | J65: 45.62 | K65: 16.35 | L65: 7.56 | M65: 19.33 | N65: 4.59 | O65: 27.39 | P65: 0.56 | Q65: 1.90 | R65: 2.68 | S65: 0.91 | T65: 晋 中
A66: 介休 | B66: 743.7 | C66: 44.4 | D66: 0.3 | E66: 42.00 | F66: 19.15 | G66: 0.03 | H66: 19.48 | I66: 24.59 | J66: 11.92 | K66: 1.80 | L66: 2.27 | M66: 2.62 | N66: 0.82 | O66: 4.31 | P66: 0.13 | Q66: 0.72 | R66: 0.95 | S66: 0.49 | T66: 介 休
A67: 运城 | B67: 1237.0 | C67: 65.0 | D67: 42.0 | E67: 88.90 | F67: 53.00 | G67: 4.00 | H67: 66.00 | I67: 43.34 | J67: 13.62 | K67: 1.52 | L67: 1.34 | M67: 3.89 | N67: 1.20 | O67: 9.21 | P67: 2.54 | Q67: 10.02 | T67: 运 城
A68: 永济 | B68: 1208.0 | C68: 45.0 | D68: 0.2 | E68: 30.26 | F68: 16.90 | G68: 0.20 | H68: 25.78 | I68: 25.43 | J68: 4.13 | K68: 2.30 | L68: 0.33 | M68: 3.06 | N68: 0.36 | O68: 3.15 | P68: 2.30 | Q68: 9.80 | T68: 永 济
A69: 河津 | B69: 593.1 | C69: 41.4 | E69: 107.80 | F69: 24.22 | H69: 27.00 | I69: 26.60 | J69: 8.87 | K69: 2.14 | L69: 1.84 | M69: 7.04 | N69: 1.09 | O69: 3.67 | P69: 0.26 | Q69: 1.69 | T69: 河 津
A70: 忻州 | B70: 1982.0 | C70: 55.0 | D70: 0.5 | E70: 183.00 | F70: 28.05 | G70: 3.32 | H70: 36.76 | I70: 36.39 | J70: 11.35 | K70: 3.52 | L70: 3.53 | M70: 1.22 | N70: 0.83 | O70: 6.95 | P70: 0.59 | Q70: 8.40 | R70: 1.15 | T70: 忻 州
A71: 原平 | B71: 2571.0 | C71: 50.6 | D71: 2.6 | E71: 148.00 | F71: 16.50 | G71: 2.60 | H71: 17.71 | I71: 17.71 | J71: 6.53 | K71: 1.80 | L71: 0.94 | M71: 3.19 | N71: 0.30 | O71: 1.91 | P71: 0.39 | Q71: 2.65 | T71: 原 平
A72: 临汾 | B72: 1307.0 | C72: 91.2 | D72: 3.8 | E72: 60.00 | F72: 58.16 | G72: 3.54 | H72: 54.00 | I72: 53.98 | J72: 21.98 | K72: 4.71 | L72: 4.12 | M72: 1.30 | N72: 1.53 | O72: 7.09 | P72: 2.73 | Q72: 10.52 | R72: 2.15 | S72: 1.31 | T72: 临 汾
A73: 侯马 | B73: 220.1 | C73: 25.2 | D73: 0.7 | E73: 21.34 | F73: 15.16 | G73: 0.90 | H73: 21.34 | I73: 21.34 | J73: 8.03 | K73: 1.97 | L73: 1.59 | M73: 3.14 | N73: 0.87 | O73: 3.96 | P73: 0.31 | Q73: 1.47 | T73: 侯 马
A74: 霍州 | B74: 765.0 | C74: 32.1 | D74: 2.6 | E74: 19.50 | F74: 13.37 | G74: 1.64 | H74: 15.40 | I74: 15.11 | J74: 6.40 | K74: 1.97 | L74: 0.70 | M74: 0.44 | N74: 0.43 | O74: 2.11 | P74: 0.34 | Q74: 2.72 | T74: 霍 州
A75: 吕梁 | B75: 1339.0 | C75: 34.5 | E75: 50.20 | F75: 28.50 | H75: 33.32 | I75: 32.33 | J75: 11.44 | K75: 4.00 | L75: 1.80 | M75: 5.35 | N75: 0.02 | O75: 5.31 | P75: 0.33 | Q75: 4.08 | T75: 吕 梁
A76: 孝义 | B76: 946.0 | C76: 49.1 | D76: 2.6 | E76: 54.50 | F76: 29.30 | G76: 1.20 | H76: 28.66 | I76: 28.18 | J76: 10.44 | K76: 4.51 | L76: 0.98 | M76: 1.76 | N76: 0.62 | O76: 6.48 | P76: 1.49 | Q76: 1.90 | R76: 1.03 | S76: 0.68 | T76: 孝 义
A77: 汾阳 | B77: 1175.3 | C77: 43.5 | D77: 1.7 | E77: 20.00 | F77: 11.17 | G77: 1.14 | H77: 17.60 | I77: 17.24 | J77: 8.81 | K77: 2.10 | L77: 2.14 | M77: 1.32 | O77: 2.57 | P77: 0.16 | Q77: 0.14 | R77: 1.07 | S77: 0.65 | T77: 汾 阳
A78: 内蒙古 | B78: 148742.9 | C78: 937.3 | D78: 276.7 | E78: 4984.11 | F78: 686.88 | G78: 235.39 | H78: 1262.18 | I78: 1152.66 | J78: 362.10 | K78: 103.27 | L78: 97.71 | M78: 132.20 | N78: 46.14 | O78: 222.11 | P78: 37.03 | Q78: 152.10 | R78: 17.25 | S78: 3.53 | T78: 内蒙古
A79: 呼和浩特 | B79: 2065.1 | C79: 145.0 | D79: 69.0 | E79: 272.16 | F79: 145.00 | G79: 69.00 | H79: 272.16 | I79: 242.75 | J79: 78.21 | K79: 28.70 | L79: 26.24 | M79: 19.34 | N79: 8.50 | O79: 43.11 | P79: 5.43 | Q79: 33.22 | R79: 5.63 | S79: 2.24 | T79: 呼和浩特
A80: 包头 | B80: 2965.0 | C80: 158.2 | D80: 54.5 | E80: 885.00 | F80: 138.31 | G80: 54.53 | H80: 211.62 | I80: 195.79 | J80: 58.60 | K80: 15.82 | L80: 9.83 | M80: 52.50 | N80: 7.50 | O80: 24.40 | P80: 3.49 | Q80: 23.65 | T80: 包 头
A81: 乌海 | B81: 1754.0 | C81: 54.8 | D81: 12.1 | E81: 67.17 | F81: 43.74 | G81: 12.41 | H81: 62.30 | I81: 53.69 | J81: 20.12 | K81: 5.51 | L81: 3.57 | M81: 1.68 | N81: 1.02 | O81: 10.11 | P81: 0.47 | Q81: 11.21 | R81: 1.69 | S81: 0.44 | T81: 乌 海
A82: 赤峰 | B82: 7057.4 | C82: 141.2 | D82: 20.6 | E82: 560.00 | F82: 77.65 | G82: 19.63 | H82: 114.18 | I82: 103.29 | J82: 32.37 | K82: 4.11 | L82: 5.04 | M82: 13.70 | N82: 7.19 | O82: 21.96 | P82: 7.86 | Q82: 11.06 | R82: 2.24 | S82: 0.74 | T82: 赤 峰
A83: 通辽 | B83: 3212.0 | C83: 84.5 | D83: 4.5 | E83: 75.63 | F83: 42.25 | G83: 3.90 | H83: 62.50 | I83: 62.50 | J83: 14.39 | K83: 6.28 | L83: 3.00 | M83: 5.16 | N83: 3.50 | O83: 12.28 | P83: 3.35 | Q83: 14.54 | T83: 通 辽
A84: 霍林郭勒 | B84: 585.0 | C84: 7.5 | D84: 5.5 | E84: 36.04 | F84: 7.54 | G84: 5.58 | H84: 17.10 | I84: 17.10 | J84: 3.00 | K84: 1.81 | L84: 1.78 | M84: 1.22 | N84: 1.15 | O84: 4.25 | P84: 1.10 | Q84: 2.79 | T84: 霍林郭勒
A85: 鄂尔多斯 | B85: 2884.1 | C85: 35.0 | D85: 31.9 | E85: 200.87 | F85: 27.49 | G85: 27.36 | H85: 117.87 | I85: 103.87 | J85: 26.65 | K85: 9.30 | L85: 15.45 | M85: 3.57 | N85: 0.05 | O85: 34.31 | P85: 0.95 | Q85: 13.59 | T85: 鄂尔多斯
A86: 呼伦贝尔 | B86: 1401.9 | C86: 28.4 | D86: 4.3 | E86: 135.50 | F86: 27.89 | G86: 4.22 | H86: 31.50 | I86: 31.50 | J86: 18.50 | K86: 2.00 | L86: 2.00 | M86: 2.00 | N86: 1.00 | O86: 1.00 | P86: 2.00 | Q86: 3.00 | T86: 呼伦贝尔
A87: 满洲里 | B87: 734.6 | C87: 17.2 | D87: 4.6 | E87: 734.56 | F87: 17.21 | G87: 4.63 | H87: 27.06 | I87: 27.00 | J87: 8.00 | K87: 3.00 | L87: 1.00 | M87: 2.00 | N87: 1.00 | O87: 8.00 | P87: 2.00 | Q87: 2.00 | T87: 满洲里
A88: 牙克石 | B88: 27590.0 | C88: 31.5 | D88: 0.0 | E88: 39.00 | F88: 13.16 | H88: 28.23 | I88: 25.81 | J88: 7.03 | K88: 1.65 | L88: 1.57 | M88: 3.44 | N88: 1.12 | O88: 5.30 | P88: 0.25 | Q88: 5.45 | R88: 6.30 | T88: 牙克石
A89: 扎兰屯 | B89: 16800.0 | C89: 43.0 | D89: 1.7 | E89: 385.00 | F89: 13.14 | G89: 0.29 | H89: 19.20 | I89: 18.30 | J89: 8.71 | K89: 0.60 | L89: 0.50 | M89: 0.30 | N89: 0.30 | O89: 4.06 | P89: 0.40 | Q89: 3.43 | R89: 1.00 | T89: 扎兰屯
A90: 额尔古纳 | B90: 28000.0 | C90: 7.8 | D90: 0.4 | E90: 303.00 | F90: 3.35 | G90: 0.14 | H90: 10.48 | I90: 10.48 | J90: 6.25 | K90: 0.75 | L90: 0.88 | M90: 0.68 | N90: 0.20 | O90: 1.02 | P90: 0.28 | Q90: 0.42 | T90: 额尔古纳
A91: 根河 | B91: 19659.0 | C91: 6.8 | E91: 350.00 | F91: 3.80 | H91: 8.70 | I91: 8.70 | J91: 5.18 | K91: 0.40 | L91: 0.03 | M91: 0.80 | N91: 0.20 | O91: 1.28 | P91: 0.10 | Q91: 0.71 | T91: 根 河
A92: 巴彦淖尔 | B92: 2354.0 | C92: 51.9 | D92: 7.8 | E92: 80.51 | F92: 32.78 | G92: 7.69 | H92: 51.00 | I92: 50.59 | J92: 15.42 | K92: 4.34 | L92: 3.39 | M92: 5.61 | N92: 4.19 | O92: 10.86 | P92: 2.34 | Q92: 4.44 | T92: 巴彦淖尔
A93: 乌兰察布 | B93: 420.0 | C93: 31.7 | D93: 8.8 | E93: 74.87 | F93: 26.03 | G93: 8.00 | H93: 74.87 | I93: 54.30 | J93: 17.78 | K93: 4.85 | L93: 5.24 | M93: 2.47 | N93: 1.36 | O93: 12.75 | P93: 0.50 | Q93: 9.35 | T93: 乌兰察布
A94: 丰镇 | B94: 2704.0 | C94: 32.8 | D94: 32.8 | E94: 25.00 | F94: 13.67 | G94: 0.45 | H94: 25.00 | I94: 24.81 | J94: 8.05 | K94: 1.75 | L94: 2.96 | M94: 4.38 | N94: 0.98 | O94: 4.00 | P94: 0.38 | Q94: 2.31 | T94: 丰 镇
A95: 乌兰浩特 | B95: 2353.0 | C95: 32.1 | D95: 2.8 | E95: 256.00 | F95: 30.10 | G95: 2.80 | H95: 45.00 | I95: 39.13 | J95: 15.67 | K95: 3.67 | L95: 2.82 | M95: 5.16 | N95: 0.29 | O95: 7.55 | P95: 0.78 | Q95: 3.19 | R95: 0.22 | S95: 0.11 | T95: 乌兰浩特
A96: 阿尔山 | B96: 7408.7 | C96: 4.4 | D96: 1.4 | E96: 15.40 | F96: 2.98 | G96: 1.04 | H96: 11.40 | I96: 11.40 | J96: 4.30 | K96: 0.43 | L96: 0.90 | M96: 0.27 | N96: 0.34 | O96: 1.50 | P96: 1.77 | Q96: 1.89 | T96: 阿尔山
A97: 二连浩特 | B97: 4015.0 | C97: 3.6 | D97: 4.1 | E97: 79.40 | F97: 3.32 | G97: 4.09 | H97: 27.00 | I97: 26.64 | J97: 3.35 | K97: 2.88 | L97: 7.37 | M97: 1.53 | N97: 2.84 | O97: 6.24 | P97: 1.43 | Q97: 1.00 | T97: 二连浩特
A98: 锡林浩特 | B98: 14780.2 | C98: 20.0 | D98: 9.8 | E98: 409.00 | F98: 17.47 | G98: 9.63 | H98: 45.01 | I98: 45.01 | J98: 10.52 | K98: 5.42 | L98: 4.14 | M98: 6.39 | N98: 3.41 | O98: 8.13 | P98: 2.15 | Q98: 4.85 | R98: 0.17 | T98: 锡林浩特
A101: 2-2续表2
A102: continued2
A103: 面积计量单位:平方公里
A104: 人口计量单位:万人
...

Sheet Sheet6
A1: 2-22019年全国城市人口和建设用地(按城市分列)
A2: NationalUrbanPopulationandConstructionLandbyCity(2019)
A3: 面积计量单位:平方公里
A4: 人口计量单位:万人
A5: AreaMeasurementUnit:SquareKilometer
A6: PopulationMeasurementUnit:10,000persons
A7: 城市名称_x000D_ Nameof_x000D_ Cities | B7: 市区面积_x000D_ Urban_x000D_ District_x000D_ Area | C7: 市区人口_x000D_ Urban_x000D_ District_x000D_ Population | D7: 市区暂住_x000D_ 人 口_x000D_ Urban_x000D_ District_x000D_ Temporary_x000D_ Population | E7: 城区面积_x000D_ Urban_x000D_ Area | F7: 城区人口_x000D_ Urban_x000D_ Population | G7: 城区暂住_x000D_ 人 口_x000D_ Urban_x000D_ Temporary_x000D_ Population | H7: 建成区_x000D_ 面 积_x000D_ Area of_x000D_ Built_x000D_ District | I7: 城市建设用地面积 Area of Urban Construction Land | R7: 本年征用_x000D_ 土地面积_x000D_ Area of_x000D_ Land_x000D_ Requisition_x000D_ This Year | T7: 城市名称_x000D_ Name of_x000D_ Cities
I8: 小计_x000D_ Subtotal | J8: 居住用地_x000D_ Residen-_x000D_ tial | K8: 公共管理与_x000D_ 公共服务用地_x000D_ Administr-_x000D_ ation and_x000D_ Public_x000D_ Services | L8: 商业服务业_x000D_ 设施用地_x000D_ Commercial_x000D_ and_x000D_ Business_x000D_ Facilities | M8: 工业用地_x000D_ Indust-_x000D_ rial,_x000D_ Manufac-_x000D_ turing | N8: 物流仓储_x000D_ 用 地_x000D_ Logistics_x000D_ and_x000D_ Warehouse | O8: 道路交通_x000D_ 设施用地_x000D_ Road,_x000D_ Street and_x000D_ Transpo-_x000D_ rtation | P8: 公用设施_x000D_ 用 地_x000D_ Municipal_x000D_ Utilities | Q8: 绿地与_x000D_ 广场用地_x000D_ Green_x000D_ Space_x000D_ and_x000D_ Square | S8: 耕地_x000D_ Arable_x000D_ Land
A9: 全国 | B9: 2281507.7 | C9: 80007.8 | D9: 12437.2 | E9: 200569.51 | F9: 43503.66 | G9: 8911.94 | H9: 60312.45 | I9: 58307.71 | J9: 18102.07 | K9: 5221.26 | L9: 4039.15 | M9: 11478.80 | N9: 1650.53 | O9: 9328.65 | P9: 1823.09 | Q9: 6664.16 | R9: 2684.81 | S9: 1189.27 | T9: 全 国
A10: 北京 | B10: 16410.0 | C10: 2153.6 | E10: 16410.00 | F10: 1865.00 | H10: 1469.05 | I10: 1471.75 | J10: 427.92 | K10: 173.14 | L10: 137.26 | M10: 263.09 | N10: 50.88 | O10: 271.62 | P10: 31.60 | Q10: 116.24 | R10: 29.90 | S10: 6.12 | T10: 北 京
A11: 天津 | B11: 11760.2 | C11: 1561.9 | E11: 2639.78 | F11: 1303.84 | H11: 1151.05 | I11: 998.15 | J11: 263.32 | K11: 75.82 | L11: 79.51 | M11: 237.71 | N11: 55.22 | O11: 151.92 | P11: 20.16 | Q11: 114.49 | R11: 13.46 | S11: 5.64 | T11: 天 津
A12: 河北 | B12: 48656.1 | C12: 3634.1 | D12: 210.7 | E12: 6309.33 | F12: 1783.36 | G12: 149.04 | H12: 2182.09 | I12: 1899.89 | J12: 614.67 | K12: 150.06 | L12: 121.26 | M12: 257.55 | N12: 54.62 | O12: 314.55 | P12: 57.71 | Q12: 329.47 | R12: 106.54 | S12: 67.19 | T12: 河 北
A13: 石家庄 | B13: 2194.1 | C13: 498.9 | D13: 9.7 | E13: 518.81 | F13: 332.32 | G13: 4.44 | H13: 309.32 | I13: 56.93 | J13: 19.31 | K13: 4.24 | L13: 2.99 | M13: 6.82 | N13: 1.28 | O13: 9.86 | P13: 2.42 | Q13: 10.01 | R13: 6.72 | S13: 4.10 | T13: 石家庄
A14: 晋州 | B14: 619.0 | C14: 57.7 | D14: 1.1 | E14: 90.78 | F14: 13.37 | G14: 0.59 | H14: 14.83 | I14: 14.83 | J14: 4.20 | K14: 1.17 | L14: 1.00 | M14: 2.30 | N14: 0.86 | O14: 3.30 | P14: 0.50 | Q14: 1.50 | R14: 1.02 | S14: 0.72 | T14: 晋 州
A15: 新乐 | B15: 525.0 | C15: 51.6 | D15: 0.6 | E15: 45.92 | F15: 9.12 | G15: 0.32 | H15: 14.01 | I15: 14.01 | J15: 4.12 | K15: 0.97 | L15: 0.92 | M15: 0.74 | N15: 0.35 | O15: 2.59 | P15: 0.93 | Q15: 3.39 | T15: 新 乐
A16: 唐山 | B16: 3874.0 | C16: 307.2 | D16: 10.1 | E16: 293.65 | F16: 195.67 | G16: 10.07 | H16: 249.00 | I16: 240.96 | J16: 61.53 | K16: 10.86 | L16: 17.00 | M16: 43.77 | N16: 4.35 | O16: 41.58 | P16: 8.35 | Q16: 53.52 | T16: 唐 山
A17: 滦州 | B17: 1027.2 | C17: 57.4 | D17: 6.5 | E17: 140.80 | F17: 21.20 | G17: 6.50 | H17: 30.10 | I17: 30.07 | J17: 10.03 | K17: 3.21 | L17: 2.92 | M17: 0.43 | N17: 0.74 | O17: 4.63 | P17: 0.47 | Q17: 7.64 | T17: 滦 州
A18: 遵化 | B18: 1521.0 | C18: 76.8 | D18: 2.6 | E18: 85.80 | F18: 22.38 | G18: 1.96 | H18: 26.40 | I18: 26.03 | J18: 7.41 | K18: 1.11 | L18: 0.29 | M18: 2.20 | N18: 0.40 | O18: 5.13 | P18: 1.50 | Q18: 7.99 | R18: 0.38 | T18: 遵 化
A19: 迁安 | B19: 1227.0 | C19: 77.4 | D19: 4.3 | E19: 128.10 | F19: 31.70 | G19: 3.60 | H19: 44.40 | I19: 42.57 | J19: 11.85 | K19: 3.84 | L19: 4.34 | M19: 8.01 | N19: 0.22 | O19: 5.49 | P19: 0.28 | Q19: 8.54 | T19: 迁 安
A20: 秦皇岛 | B20: 2131.5 | C20: 146.0 | D20: 29.0 | E20: 330.25 | F20: 103.04 | G20: 28.96 | H20: 141.80 | I20: 138.65 | J20: 39.00 | K20: 10.00 | L20: 12.00 | M20: 15.00 | N20: 4.80 | O20: 23.87 | P20: 4.98 | Q20: 29.00 | R20: 2.58 | S20: 1.68 | T20: 秦皇岛
A21: 邯郸 | B21: 2652.2 | C21: 378.9 | D21: 22.5 | E21: 556.00 | F21: 206.85 | G21: 11.03 | H21: 187.69 | I21: 197.18 | J21: 76.56 | K21: 26.58 | L21: 15.61 | M21: 15.91 | N21: 13.20 | O21: 24.33 | P21: 7.33 | Q21: 17.66 | R21: 6.26 | S21: 4.90 | T21: 邯 郸
A22: 武安 | B22: 1806.0 | C22: 84.9 | D22: 1.9 | E22: 95.00 | F22: 24.17 | G22: 0.72 | H22: 37.30 | I22: 37.30 | J22: 11.50 | K22: 2.74 | L22: 1.47 | M22: 8.84 | N22: 1.85 | O22: 6.40 | P22: 1.08 | Q22: 3.42 | R22: 0.68 | S22: 0.41 | T22: 武 安
A23: 邢台 | B23: 132.3 | C23: 91.5 | D23: 3.0 | E23: 114.80 | F23: 57.14 | G23: 3.01 | H23: 108.19 | I23: 108.19 | J23: 42.66 | K23: 7.73 | L23: 6.44 | M23: 17.13 | N23: 2.36 | O23: 20.15 | P23: 2.23 | Q23: 9.49 | R23: 39.77 | S23: 27.43 | T23: 邢 台
A24: 南宫 | B24: 863.3 | C24: 50.9 | D24: 0.1 | E24: 53.50 | F24: 14.60 | G24: 0.57 | H24: 16.03 | I24: 16.03 | J24: 4.93 | K24: 1.45 | L24: 1.68 | M24: 3.22 | N24: 0.14 | O24: 2.91 | P24: 0.25 | Q24: 1.45 | T24: 南 宫
A25: 沙河 | B25: 999.0 | C25: 46.0 | D25: 0.1 | E25: 21.97 | F25: 9.24 | G25: 0.13 | H25: 17.74 | I25: 17.50 | J25: 4.37 | K25: 1.41 | L25: 1.01 | M25: 3.04 | N25: 0.57 | O25: 0.70 | P25: 0.94 | Q25: 5.46 | R25: 0.06 | S25: 0.02 | T25: 沙 河
A26: 保定 | B26: 2564.8 | C26: 289.0 | D26: 21.4 | E26: 344.93 | F26: 145.07 | G26: 20.46 | H26: 199.35 | I26: 192.78 | J26: 67.53 | K26: 15.98 | L26: 9.63 | M26: 48.05 | N26: 4.49 | O26: 25.56 | P26: 5.83 | Q26: 15.71 | R26: 3.97 | S26: 1.86 | T26: 保 定
A27: 涿州 | B27: 751.3 | C27: 70.4 | D27: 0.7 | E27: 181.00 | F27: 27.38 | G27: 0.58 | H27: 36.34 | I27: 36.34 | J27: 11.49 | K27: 3.90 | L27: 2.10 | M27: 5.15 | N27: 0.31 | O27: 6.78 | P27: 0.65 | Q27: 5.96 | T27: 涿 州
A28: 安国 | B28: 485.1 | C28: 41.2 | D28: 0.3 | E28: 31.71 | F28: 11.24 | G28: 0.30 | H28: 14.68 | I28: 13.49 | J28: 5.24 | K28: 0.71 | L28: 0.83 | M28: 0.71 | N28: 0.20 | O28: 2.87 | P28: 0.11 | Q28: 2.82 | R28: 0.38 | S28: 0.37 | T28: 安 国
A29: 高碑店 | B29: 620.0 | C29: 57.0 | D29: 1.7 | E29: 36.80 | F29: 14.02 | G29: 0.97 | H29: 20.58 | I29: 20.58 | J29: 5.20 | K29: 1.86 | L29: 1.14 | M29: 1.70 | N29: 0.27 | O29: 4.69 | P29: 1.01 | Q29: 4.71 | R29: 0.96 | S29: 0.92 | T29: 高碑店
A30: 白沟新城 | B30: 54.4 | C30: 6.0 | D30: 3.7 | E30: 54.35 | F30: 5.61 | G30: 3.70 | H30: 19.85 | I30: 18.42 | J30: 7.38 | K30: 0.59 | L30: 3.50 | M30: 3.42 | N30: 0.26 | O30: 2.50 | P30: 0.31 | Q30: 0.46 | R30: 0.59 | S30: 0.41 | T30: 白沟新城
A31: 张家口 | B31: 6963.8 | C31: 198.5 | D31: 15.8 | E31: 407.45 | F31: 102.44 | G31: 6.58 | H31: 100.94 | I31: 97.07 | J31: 25.57 | K31: 7.68 | L31: 4.38 | M31: 6.01 | N31: 1.68 | O31: 21.26 | P31: 3.63 | Q31: 26.86 | R31: 2.10 | S31: 0.44 | T31: 张家口
A32: 承德 | B32: 1252.7 | C32: 60.1 | D32: 2.0 | E32: 724.03 | F32: 55.12 | G32: 2.03 | H32: 78.02 | I32: 74.39 | J32: 18.89 | K32: 7.88 | L32: 4.42 | M32: 10.61 | N32: 1.92 | O32: 11.41 | P32: 1.46 | Q32: 17.80 | R32: 1.90 | S32: 1.00 | T32: 承 德
A33: 平泉 | B33: 3294.1 | C33: 48.0 | D33: 0.8 | E33: 26.00 | F33: 16.95 | G33: 0.62 | H33: 17.30 | I33: 17.10 | J33: 4.89 | K33: 1.07 | L33: 0.66 | M33: 0.92 | N33: 0.54 | O33: 3.63 | P33: 1.14 | Q33: 4.25 | R33: 0.94 | S33: 0.37 | T33: 平 泉
A34: 沧州 | B34: 320.0 | C34: 68.7 | D34: 8.6 | E34: 320.00 | F34: 57.67 | G34: 8.09 | H34: 87.24 | I34: 83.07 | J34: 30.81 | K34: 6.31 | L34: 3.68 | M34: 11.40 | N34: 2.12 | O34: 14.53 | P34: 1.34 | Q34: 12.88 | R34: 3.58 | S34: 2.39 | T34: 沧 州
A35: 泊头 | B35: 1007.0 | C35: 63.2 | D35: 0.2 | E35: 22.00 | F35: 16.89 | G35: 0.20 | H35: 20.03 | I35: 19.82 | J35: 6.63 | K35: 1.30 | L35: 1.02 | M35: 3.75 | N35: 0.18 | O35: 3.15 | P35: 0.24 | Q35: 3.55 | T35: 泊 头
A36: 任丘 | B36: 864.0 | C36: 81.0 | D36: 7.2 | E36: 74.40 | F36: 34.63 | G36: 2.23 | H36: 49.40 | I36: 49.33 | J36: 17.03 | K36: 4.56 | L36: 3.42 | M36: 4.80 | N36: 1.67 | O36: 7.44 | P36: 2.20 | Q36: 8.21 | R36: 1.37 | S36: 1.04 | T36: 任 丘
A37: 黄骅 | B37: 2202.0 | C37: 61.2 | D37: 5.7 | E37: 200.00 | F37: 15.04 | G37: 5.46 | H37: 37.50 | I37: 35.31 | J37: 10.00 | K37: 3.68 | L37: 1.70 | M37: 5.22 | N37: 0.94 | O37: 6.25 | P37: 0.60 | Q37: 6.92 | R37: 0.20 | T37: 黄 骅
A38: 河间 | B38: 1322.0 | C38: 87.8 | D38: 3.0 | E38: 69.40 | F38: 16.12 | G38: 2.06 | H38: 20.90 | I38: 20.72 | J38: 7.01 | K38: 0.90 | L38: 0.75 | M38: 1.31 | N38: 0.45 | O38: 3.61 | P38: 0.71 | Q38: 5.98 | R38: 2.32 | T38: 河 间
A39: 廊坊 | B39: 960.0 | C39: 87.9 | D39: 18.6 | E39: 292.00 | F39: 53.02 | G39: 11.05 | H39: 71.37 | I39: 71.17 | J39: 23.71 | K39: 3.96 | L39: 3.12 | M39: 7.36 | N39: 3.24 | O39: 13.63 | P39: 2.65 | Q39: 13.50 | R39: 18.31 | S39: 9.90 | T39: 廊 坊
A40: 霸州 | B40: 784.0 | C40: 65.8 | D40: 12.6 | E40: 79.00 | F40: 10.41 | G40: 3.80 | H40: 17.60 | I40: 17.51 | J40: 8.40 | K40: 0.79 | L40: 1.18 | M40: 1.32 | N40: 0.30 | O40: 2.63 | P40: 0.80 | Q40: 2.09 | R40: 1.27 | S40: 1.10 | T40: 霸 州
A41: 三河 | B41: 643.0 | C41: 74.7 | D41: 4.9 | E41: 169.00 | F41: 20.39 | G41: 1.80 | H41: 19.31 | I41: 19.15 | J41: 2.49 | K41: 3.72 | L41: 2.65 | M41: 0.58 | N41: 0.57 | O41: 4.89 | P41: 0.70 | Q41: 3.55 | T41: 三 河
A42: 衡水 | B42: 1509.6 | C42: 102.6 | D42: 4.3 | E42: 401.40 | F42: 62.06 | G42: 2.76 | H42: 75.59 | I42: 75.20 | J42: 26.38 | K42: 4.90 | L42: 4.05 | M42: 6.68 | N42: 1.64 | O42: 12.04 | P42: 1.38 | Q42: 18.13 | R42: 1.00 | S42: 0.85 | T42: 衡 水
A43: 深州 | B43: 1252.0 | C43: 58.1 | D43: 3.2 | E43: 83.19 | F43: 19.20 | G43: 0.10 | H43: 21.23 | I43: 20.80 | J43: 4.55 | K43: 1.45 | L43: 2.10 | M43: 1.90 | N43: 1.10 | O43: 4.17 | P43: 0.38 | Q43: 5.15 | T43: 深 州
A44: 辛集 | B44: 951.0 | C44: 63.7 | D44: 2.9 | E44: 137.10 | F44: 19.10 | G44: 3.03 | H44: 33.85 | I44: 33.19 | J44: 11.89 | K44: 1.58 | L44: 2.00 | M44: 4.22 | N44: 0.59 | O44: 5.82 | P44: 0.43 | Q44: 6.66 | R44: 1.90 | S44: 1.34 | T44: 辛 集
A45: 定州 | B45: 1283.7 | C45: 124.1 | D45: 1.6 | E45: 180.19 | F45: 40.20 | G45: 1.32 | H45: 44.20 | I45: 44.20 | J45: 22.11 | K45: 1.93 | L45: 1.26 | M45: 5.03 | N45: 1.03 | O45: 6.75 | P45: 0.88 | Q45: 5.21 | R45: 8.28 | S45: 5.94 | T45: 定 州
A47: 注:本表中山东省市区人口为常住人口。
A48: Note:TheUrbanDistrictPopulationofShandongProvinceinthistablereferstothedataoftheresidentpopulation.
A51: 2-2续表1
A52: continued1
A53: 面积计量单位:平方公里
A54: 人口计量单位:万人
A55: AreaMeasurementUnit:SquareKilometer
A56: PopulationMeasurementUnit:10,000persons
A57: 城市名称_x000D_ Nameof_x000D_ Cities | B57: 市区面积_x000D_ Urban_x000D_ District_x000D_ Area | C57: 市区人口_x000D_ Urban_x000D_ District_x000D_ Population | D57: 市区暂住_x000D_ 人 口_x000D_ Urban_x000D_ District_x000D_ Temporary_x000D_ Population | E57: 城区面积_x000D_ Urban_x000D_ Area | F57: 城区人口_x000D_ Urban_x000D_ Population | G57: 城区暂住_x000D_ 人 口_x000D_ Urban_x000D_ Temporary_x000D_ Population | H57: 建成区_x000D_ 面积_x000D_ Area of_x000D_ Built_x000D_ District | I57: 城市建设用地面积 Area of Urban Construction Land | R57: 本年征用_x000D_ 土地面积_x000D_ Area of_x000D_ Land_x000D_ Requisition_x000D_ This Year | T57: 城市名称_x000D_ Name of_x000D_ Cities
I58: 小计_x000D_ Subtotal | J58: 居住用地_x000D_ Residen-ti_x000D_ a1 | K58: 公共管理与_x000D_ 公共服务用地_x000D_ Administr-_x000D_ ation and_x000D_ Public_x000D_ Services | L58: 商业服务业_x000D_ 设施用地_x000D_ Commercial_x000D_ and_x000D_ Business_x000D_ Facilities | M58: 工业用地_x000D_ Indust-_x000D_ rial,_x000D_ Manufac-_x000D_ turing | N58: 物流仓储_x000D_ 用 地_x000D_ Logistics_x000D_ and_x000D_ Warehouse | O58: 道路交通_x000D_ 设施用地_x000D_ Road,_x000D_ Street and_x000D_ Transpo-_x000D_ rtation | P58: 公用设施_x000D_ 用 地_x000D_ Municipal_x000D_ Utilities | Q58: 绿地与_x000D_ 广场用地_x000D_ Green_x000D_ Space_x000D_ and_x000D_ Square | S58: 耕地_x000D_ Arable_x000D_ Land
A59: 山西 | B59: 35127.8 | C59: 1746.9 | D59: 227.9 | E59: 3164.34 | F59: 1051.56 | G59: 152.31 | H59: 1222.75 | I59: 1326.40 | J59: 447.90 | K59: 147.45 | L59: 88.10 | M59: 168.61 | N59: 51.08 | O59: 245.02 | P59: 42.29 | Q59: 135.95 | R59: 500.93 | S59: 165.95 | T59: 山 西
A60: 太原 | B60: 1500.0 | C60: 378.4 | D60: 124.2 | E60: 1000.00 | F60: 299.85 | G60: 85.15 | H60: 340.00 | I60: 478.38 | J60: 165.23 | K60: 62.57 | L60: 33.62 | M60: 67.64 | N60: 24.38 | O60: 96.46 | P60: 5.07 | Q60: 23.41 | R60: 470.85 | S60: 152.14 | T60: 太 原
A61: 古交 | B61: 1512.0 | C61: 21.5 | D61: 3.0 | E61: 25.75 | F61: 15.04 | G61: 2.23 | H61: 17.05 | I61: 16.94 | J61: 5.20 | K61: 3.43 | L61: 0.49 | M61: 4.91 | N61: 0.03 | O61: 2.70 | P61: 0.08 | Q61: 0.10 | T61: 古 交
A62: 大同 | B62: 2080.0 | C62: 159.9 | D62: 2.2 | E62: 130.20 | F62: 122.96 | G62: 4.37 | H62: 125.20 | I62: 148.43 | J62: 51.74 | K62: 13.43 | L62: 10.75 | M62: 22.36 | N62: 6.02 | O62: 26.05 | P62: 1.92 | Q62: 16.16 | R62: 11.16 | S62: 5.52 | T62: 大 同
A63: 阳泉 | B63: 5221.9 | C63: 76.3 | D63: 2.2 | E63: 68.93 | F63: 59.32 | G63: 1.94 | H63: 62.20 | I63: 51.04 | J63: 17.81 | K63: 2.51 | L63: 0.88 | M63: 11.32 | N63: 1.32 | O63: 11.37 | P63: 1.27 | Q63: 4.56 | R63: 0.75 | T63: 阳 泉
A64: 长治 | B64: 334.0 | C64: 75.3 | D64: 5.9 | E64: 76.20 | F64: 71.66 | G64: 5.48 | H64: 59.30 | I64: 58.88 | J64: 16.70 | K64: 12.94 | L64: 0.54 | M64: 12.97 | N64: 2.59 | O64: 8.84 | P64: 3.05 | Q64: 1.25 | T64: 长 治
A65: 潞城 | B65: 630.0 | C65: 22.7 | D65: 0.1 | E65: 132.00 | F65: 9.42 | G65: 0.07 | H65: 10.50 | I65: 8.50 | J65: 3.84 | K65: 0.82 | L65: 0.56 | M65: 1.10 | N65: 0.07 | O65: 0.95 | P65: 0.13 | Q65: 1.03 | T65: 潞 城
A66: 晋城 | B66: 2167.0 | C66: 222.0 | D66: 7.5 | E66: 142.59 | F66: 40.38 | G66: 9.90 | H66: 47.87 | I66: 47.87 | J66: 16.66 | K66: 7.50 | L66: 5.00 | M66: 4.00 | N66: 1.00 | O66: 9.50 | P66: 0.70 | Q66: 3.51 | R66: 10.39 | S66: 4.99 | T66: 晋 城
A67: 高平 | B67: 946.0 | C67: 48.6 | D67: 0.9 | E67: 63.00 | F67: 12.80 | G67: 0.40 | H67: 17.80 | I67: 17.30 | J67: 7.00 | K67: 1.50 | L67: 1.80 | M67: 0.85 | N67: 1.32 | O67: 2.48 | P67: 0.40 | Q67: 1.95 | R67: 0.01 | T67: 高 平
A68: 朔州 | B68: 4093.7 | C68: 68.4 | D68: 6.9 | E68: 176.00 | F68: 38.32 | G68: 5.70 | H68: 49.70 | I68: 49.01 | J68: 12.40 | K68: 4.00 | L68: 5.35 | M68: 0.98 | N68: 1.85 | O68: 10.02 | P68: 1.90 | Q68: 12.51 | T68: 朔 州
A69: 怀仁 | B69: 1232.0 | C69: 34.0 | D69: 2.2 | E69: 80.00 | F69: 20.41 | G69: 2.51 | H69: 28.00 | I69: 27.49 | J69: 6.65 | K69: 2.02 | L69: 2.04 | M69: 0.48 | N69: 0.34 | O69: 5.47 | P69: 1.94 | Q69: 8.55 | T69: 怀 仁
A70: 晋中 | B70: 1311.0 | C70: 63.7 | D70: 16.2 | E70: 237.00 | F70: 47.90 | G70: 16.21 | H70: 103.15 | I70: 82.40 | J70: 26.28 | K70: 6.13 | L70: 6.72 | M70: 10.44 | N70: 4.20 | O70: 15.47 | P70: 11.81 | Q70: 1.35 | R70: 3.61 | S70: 1.74 | T70: 晋 中
A71: 介休 | B71: 743.7 | C71: 44.0 | D71: 0.2 | E71: 42.00 | F71: 18.95 | G71: 0.03 | H71: 19.48 | I71: 25.55 | J71: 8.63 | K71: 2.19 | L71: 2.58 | M71: 2.00 | N71: 0.70 | O71: 3.96 | P71: 0.20 | Q71: 5.29 | R71: 0.41 | S71: 0.02 | T71: 介 休
A72: 运城 | B72: 1237.0 | C72: 65.0 | D72: 42.0 | E72: 88.90 | F72: 53.00 | G72: 4.00 | H72: 66.00 | I72: 41.75 | J72: 13.62 | K72: 1.52 | L72: 1.34 | M72: 3.89 | N72: 1.20 | O72: 7.62 | P72: 2.54 | Q72: 10.02 | T72: 运 城
A73: 永济 | B73: 1221.1 | C73: 45.0 | D73: 0.2 | E73: 214.34 | F73: 16.90 | G73: 0.20 | H73: 25.78 | I73: 25.43 | J73: 4.13 | K73: 2.30 | L73: 0.33 | M73: 3.06 | N73: 0.36 | O73: 3.15 | P73: 2.30 | Q73: 9.80 | T73: 永 济
A74: 河津 | B74: 593.1 | C74: 41.4 | E74: 131.80 | F74: 23.59 | H74: 27.00 | I74: 26.60 | J74: 8.87 | K74: 2.14 | L74: 1.84 | M74: 7.04 | N74: 1.09 | O74: 3.67 | P74: 0.26 | Q74: 1.69 | T74: 河 津
A75: 忻州 | B75: 1982.0 | C75: 55.1 | D75: 0.5 | E75: 183.00 | F75: 29.34 | G75: 3.21 | H75: 36.76 | I75: 36.39 | J75: 11.35 | K75: 3.52 | L75: 3.53 | M75: 1.22 | N75: 0.83 | O75: 6.95 | P75: 0.59 | Q75: 8.40 | R75: 1.15 | T75: 忻 州
A76: 原平 | B76: 2571.0 | C76: 50.6 | D76: 2.5 | E76: 148.00 | F76: 16.50 | G76: 2.49 | H76: 17.71 | I76: 17.71 | J76: 6.53 | K76: 1.80 | L76: 0.94 | M76: 3.19 | N76: 0.30 | O76: 1.91 | P76: 0.39 | Q76: 2.65 | T76: 原 平
A77: 临汾 | B77: 1307.0 | C77: 91.2 | D77: 3.8 | E77: 60.00 | F77: 58.16 | G77: 3.54 | H77: 54.00 | I77: 53.98 | J77: 21.98 | K77: 4.71 | L77: 4.12 | M77: 1.30 | N77: 1.53 | O77: 7.09 | P77: 2.73 | Q77: 10.52 | R77: 2.15 | S77: 1.31 | T77: 临 汾
A78: 侯马 | B78: 220.1 | C78: 25.2 | D78: 0.7 | E78: 20.43 | F78: 15.16 | G78: 0.90 | H78: 20.43 | I78: 20.43 | J78: 8.03 | K78: 1.97 | L78: 1.59 | M78: 2.23 | N78: 0.87 | O78: 3.96 | P78: 0.31 | Q78: 1.47 | T78: 侯 马
A79: 霍州 | B79: 765.0 | C79: 32.1 | D79: 2.6 | E79: 19.50 | F79: 13.37 | G79: 1.64 | H79: 15.40 | I79: 15.11 | J79: 6.40 | K79: 1.97 | L79: 0.70 | M79: 0.44 | N79: 0.43 | O79: 2.11 | P79: 0.34 | Q79: 2.72 | T79: 霍 州
A80: 吕梁 | B80: 1339.0 | C80: 34.1 | E80: 50.20 | F80: 28.13 | H80: 33.32 | I80: 32.33 | J80: 11.44 | K80: 4.00 | L80: 1.80 | M80: 5.35 | N80: 0.02 | O80: 5.31 | P80: 0.33 | Q80: 4.08 | T80: 吕 梁
A81: 孝义 | B81: 946.0 | C81: 49.1 | D81: 2.6 | E81: 54.50 | F81: 29.30 | G81: 1.20 | H81: 28.50 | I81: 28.02 | J81: 10.33 | K81: 4.46 | L81: 0.98 | M81: 1.76 | N81: 0.62 | O81: 6.48 | P81: 1.49 | Q81: 1.90 | R81: 0.40 | S81: 0.18 | T81: 孝 义
A82: 汾阳 | B82: 1175.3 | C82: 43.4 | D82: 1.7 | E82: 20.00 | F82: 11.10 | G82: 1.14 | H82: 17.60 | I82: 16.86 | J82: 7.08 | K82: 0.02 | L82: 0.60 | M82: 0.08 | N82: 0.01 | O82: 3.50 | P82: 2.54 | Q82: 3.03 | R82: 0.05 | S82: 0.05 | T82: 汾 阳
A83: 内蒙古 | B83: 148649.1 | C83: 998.1 | D83: 256.7 | E83: 5081.98 | F83: 678.97 | G83: 246.09 | H83: 1269.74 | I83: 1170.37 | J83: 362.73 | K83: 104.05 | L83: 99.23 | M83: 147.33 | N83: 51.28 | O83: 215.04 | P83: 39.65 | Q83: 151.06 | R83: 50.28 | S83: 7.01 | T83: 内蒙古
A84: 呼和浩特 | B84: 2054.0 | C84: 140.0 | D84: 81.0 | E84: 265.03 | F84: 140.00 | G84: 81.00 | H84: 261.00 | I84: 242.77 | J84: 78.21 | K84: 28.70 | L84: 26.24 | M84: 19.36 | N84: 8.50 | O84: 43.11 | P84: 5.43 | Q84: 33.22 | R84: 16.30 | S84: 6.15 | T84: 呼和浩特
A85: 包头 | B85: 2965.0 | C85: 224.6 | D85: 61.6 | E85: 885.00 | F85: 137.57 | G85: 56.88 | H85: 211.62 | I85: 195.79 | J85: 58.60 | K85: 15.82 | L85: 9.83 | M85: 52.50 | N85: 7.50 | O85: 24.40 | P85: 3.49 | Q85: 23.65 | T85: 包 头
A86: 乌海 | B86: 1754.0 | C86: 51.1 | D86: 10.4 | E86: 67.17 | F86: 44.19 | G86: 11.83 | H86: 62.30 | I86: 40.78 | J86: 19.45 | K86: 4.15 | L86: 2.28 | M86: 1.68 | N86: 1.02 | O86: 6.73 | P86: 0.47 | Q86: 5.00 | R86: 2.82 | T86: 乌 海
A87: 赤峰 | B87: 7057.4 | C87: 141.1 | D87: 20.6 | E87: 560.00 | F87: 77.65 | G87: 19.63 | H87: 114.18 | I87: 103.29 | J87: 32.37 | K87: 4.11 | L87: 5.04 | M87: 13.70 | N87: 7.19 | O87: 21.96 | P87: 7.86 | Q87: 11.06 | R87: 2.24 | S87: 0.74 | T87: 赤 峰
A88: 通辽 | B88: 3212.0 | C88: 84.2 | D88: 5.0 | E88: 75.63 | F88: 41.95 | G88: 4.10 | H88: 62.50 | I88: 62.50 | J88: 14.39 | K88: 6.28 | L88: 3.00 | M88: 5.16 | N88: 3.50 | O88: 12.28 | P88: 3.35 | Q88: 14.54 | T88: 通 辽
A89: 霍林郭勒 | B89: 585.0 | C89: 7.6 | D89: 5.8 | E89: 36.04 | F89: 7.56 | G89: 5.58 | H89: 17.10 | I89: 17.10 | J89: 3.00 | K89: 1.81 | L89: 1.78 | M89: 1.22 | N89: 1.15 | O89: 4.25 | P89: 1.10 | Q89: 2.79 | R89: 0.28 | T89: 霍林郭勒
A90: 鄂尔多斯 | B90: 2884.1 | C90: 34.4 | D90: 29.4 | E90: 200.87 | F90: 27.49 | G90: 27.36 | H90: 117.87 | I90: 103.87 | J90: 26.65 | K90: 9.30 | L90: 15.45 | M90: 3.57 | N90: 0.05 | O90: 34.31 | P90: 0.95 | Q90: 13.59 | T90: 鄂尔多斯
A91: 呼伦贝尔 | B91: 1507.4 | C91: 28.4 | D91: 4.3 | E91: 240.50 | F91: 27.88 | G91: 4.22 | H91: 51.46 | I91: 51.46 | J91: 21.06 | K91: 2.75 | L91: 2.06 | M91: 10.60 | N91: 1.13 | O91: 6.91 | P91: 2.03 | Q91: 4.92 | R91: 0.29 | T91: 呼伦贝尔
A92: 满洲里 | B92: 734.6 | C92: 17.3 | D92: 4.9 | E92: 734.56 | F92: 17.28 | G92: 4.92 | H92: 27.06 | I92: 27.00 | J92: 8.00 | K92: 3.00 | L92: 1.00 | M92: 2.00 | N92: 1.00 | O92: 8.00 | P92: 2.00 | Q92: 2.00 | T92: 满洲里
A93: 牙克石 | B93: 27590.0 | C93: 32.1 | D93: 0.0 | E93: 39.00 | F93: 13.21 | H93: 27.70 | I93: 25.81 | J93: 7.03 | K93: 1.65 | L93: 1.57 | M93: 3.44 | N93: 1.12 | O93: 5.30 | P93: 0.25 | Q93: 5.45 | R93: 6.30 | T93: 牙克石
A94: 扎兰屯 | B94: 16800.0 | C94: 43.0 | D94: 1.7 | E94: 385.00 | F94: 13.14 | G94: 0.29 | H94: 19.20 | I94: 18.25 | J94: 8.71 | K94: 0.60 | L94: 0.50 | M94: 0.30 | N94: 0.30 | O94: 4.01 | P94: 0.40 | Q94: 3.43 | R94: 1.00 | T94: 扎兰屯
A95: 额尔古纳 | B95: 28000.0 | C95: 7.9 | D95: 0.4 | E95: 303.00 | F95: 3.63 | G95: 0.14 | H95: 10.48 | I95: 10.49 | J95: 6.25 | K95: 0.75 | L95: 0.88 | M95: 0.69 | N95: 0.20 | O95: 1.02 | P95: 0.28 | Q95: 0.42 | T95: 额尔古纳
A96: 根河 | B96: 19659.0 | C96: 10.0 | E96: 350.00 | F96: 4.28 | H96: 8.70 | I96: 8.70 | J96: 5.18 | K96: 0.40 | L96: 0.03 | M96: 0.80 | N96: 0.20 | O96: 1.28 | P96: 0.10 | Q96: 0.71 | T96: 根 河
A97: 巴彦淖尔 | B97: 2354.0 | C97: 52.1 | D97: 7.2 | E97: 80.51 | F97: 32.58 | G97: 7.20 | H97: 51.00 | I97: 50.59 | J97: 15.42 | K97: 4.34 | L97: 3.39 | M97: 5.61 | N97: 4.19 | O97: 10.86 | P97: 2.34 | Q97: 4.44 | T97: 巴彦淖尔
A100: 2-2续表2
A101: continued2
A102: 面积计量单位:平方公里
A103: 人口计量单位:万人
A104: AreaMeasurementUnit:SquareKilometer
A105: PopulationMeasurementUnit:10,000persons
...

Sheet Sheet2
B1: gdp | C1: region | D1: green_rate | E1: c_population | F1: c_area | G1: c_water_resources
A2: 三亚 | B2: 835.37 | C2: 5 | D2: 42.34 | E2: 73 | F2: 52 | G2: 158392
A3: 上海 | B3: 43214.85 | C3: 2 | D3: 37.32 | E3: 2222 | F3: 1238 | G3: 585700
A4: 上饶 | B4: 3043.5 | C4: 2 | D4: 48.91 | E4: 353 | F4: 103 | G4: 3079500
A5: 东莞 | B5: 10855.35 | C5: 5 | D5: 46 | E5: 966 | F5: 1007.76 | G5: 200195
A6: 中山 | B6: 3566.17 | C6: 5 | D6: 43.14 | E6: 385 | F6: 166.5 | G6: 155800
A7: 临沂 | B7: 5465.5 | C7: 2 | D7: 42.12 | E7: 607 | F7: 259 | G7: 908700
A8: 丹东 | B8: 854.4 | C8: 0 | D8: 41 | E8: 150 | F8: 75 | G8: 1115000
A9: 丹阳 | B9: 346.22 | C9: 2 | D9: 19.99 | E9: 98.89 | F9: 33.2 | G9: 1264900
A10: 义乌 | B10: 1730.16 | C10: 2 | D10: 25.86 | E10: 131.86 | F10: 196.1 | G10: 82000
A11: 乌鲁木齐 | B11: 3691.57 | C11: 3 | D11: 40.54 | E11: 350.58 | F11: 522 | G11: 110521
A12: 九江 | B12: 3735.7 | C12: 2 | D12: 48.83 | E12: 281 | F12: 158 | G12: 2005400
A13: 佛山 | B13: 12156.54 | C13: 5 | D13: 36.3 | E13: 906 | F13: 161.25 | G13: 296300
... A136: 黄石 | B136: 1910 | C136: 6 | D136: 40.42 | E136: 163 | F136: 84 | G136: 616862

Sheet Sheet4
A1: 2-22021年全国城市人口和建设用地(按城市分列)
A2: NationalUrbanPopulationandConstructionLandbyCity(2021)
A3: 面积计量单位:平方公里
A4: 人口计量单位:万人
A5: AreaMeasurementUnit:SquareKilometer
A6: PopulationMeasurementUnit:10,000persons
A7: 城市名称 Nameof Cities | B7: 市区面积 Urban District Area | C7: 市区人口 Urban District Population | D7: 市区暂住 人 口 Urban District Temporary Population | E7: 城区面积 Urban Area | F7: 城区人口 Urban Population | G7: 城区暂住 人 口 Urban Temporary Population | H7: 建成区 面 积 Area of Built District | I7: 城市建设用地面积 Area of Urban Construction Land | R7: 本年征用 土地面积 Area of Land Requisition This Year | T7: 城市名称 Name of Cities
I8: 小 计 Subtotal | J8: 居住用地 Residen- tial | K8: 公共管理与 公共服务用地 Administr- ation and Public Services | L8: 商业服务业 设施用地 Commercial and Business Facilities | M8: 工业用地 Indust- rial, Manufac- turing | N8: 物流仓储 用 地 Logistics and Warehouse | O8: 道路交通 设施用地 Road, Street and Transpor- tation | P8: 公用设施 用 地 Municipal Utilities | Q8: 绿地与 广场用地 Green Space and Square | S8: 耕地 Arable Land
A9: 全国 | B9: 2368544.5 | C9: 83733.0 | D9: 13584.7 | E9: 188300.45 | F9: 45747.87 | G9: 10180.09 | H9: 62420.53 | I9: 59424.59 | J9: 18617.91 | K9: 5248.92 | L9: 4264.06 | M9: 11336.75 | N9: 1575.87 | O9: 10060.61 | P9: 1551.02 | Q9: 6769.45 | R9: 1902.24 | S9: 827.92 | T9: 全 国
A10: 北京 | C10: 2188.6 | F10: 1916.10 | T10: 北 京
A11: 天津 | B11: 11926.3 | C11: 1373.0 | E11: 2653.42 | F11: 1165.40 | H11: 1237.33 | I11: 1079.25 | J11: 302.25 | K11: 86.52 | L11: 93.27 | M11: 256.54 | N11: 51.90 | O11: 167.64 | P11: 19.61 | Q11: 101.52 | R11: 10.64 | S11: 5.17 | T11: 天 津
A12: 河北 | B12: 49498.0 | C12: 3778.9 | D12: 220.2 | E12: 6324.00 | F12: 1817.68 | G12: 182.17 | H12: 2278.90 | I12: 2229.97 | J12: 678.12 | K12: 167.27 | L12: 150.64 | M12: 241.12 | N12: 67.55 | O12: 411.92 | P12: 58.03 | Q12: 455.32 | R12: 47.57 | S12: 31.85 | T12: 河 北
A13: 石家庄 | B13: 2195.0 | C13: 569.0 | D13: 11.3 | E13: 518.81 | F13: 361.67 | G13: 5.18 | H13: 334.77 | I13: 331.93 | J13: 127.64 | K13: 33.94 | L13: 37.04 | M13: 27.38 | N13: 18.57 | O13: 62.34 | P13: 5.90 | Q13: 19.12 | R13: 3.20 | S13: 2.05 | T13: 石家庄
A14: 晋州 | B14: 619.0 | C14: 57.3 | D14: 1.1 | E14: 90.78 | F14: 13.34 | G14: 0.62 | H14: 14.83 | I14: 14.83 | J14: 4.44 | K14: 0.83 | L14: 0.80 | M14: 1.62 | N14: 0.40 | O14: 3.18 | P14: 0.10 | Q14: 3.46 | R14: 0.28 | S14: 0.17 | T14: 晋 州
A15: 新乐 | B15: 525.0 | C15: 47.9 | D15: 0.7 | E15: 45.92 | F15: 9.18 | G15: 0.37 | H15: 14.80 | I15: 14.26 | J15: 4.12 | K15: 0.97 | L15: 0.92 | M15: 0.74 | N15: 0.35 | O15: 2.77 | P15: 0.92 | Q15: 3.47 | T15: 新 乐
A16: 唐山 | B16: 3874.0 | C16: 307.2 | D16: 10.1 | E16: 293.65 | F16: 195.67 | G16: 10.07 | H16: 249.00 | I16: 240.96 | J16: 54.88 | K16: 11.79 | L16: 18.00 | M16: 37.24 | N16: 7.89 | O16: 42.22 | P16: 7.72 | Q16: 61.22 | T16: 唐 山
A17: 滦州 | B17: 1027.2 | C17: 52.0 | D17: 6.5 | E17: 140.80 | F17: 21.73 | G17: 6.40 | H17: 30.25 | I17: 30.25 | J17: 10.04 | K17: 3.21 | L17: 2.92 | M17: 0.25 | N17: 0.74 | O17: 4.67 | P17: 0.47 | Q17: 7.95 | T17: 滦 州
A18: 遵化 | B18: 1521.0 | C18: 75.4 | D18: 2.6 | E18: 85.80 | F18: 24.72 | G18: 2.15 | H18: 26.70 | I18: 26.11 | J18: 7.41 | K18: 1.10 | L18: 0.28 | M18: 2.10 | N18: 0.40 | O18: 5.35 | P18: 1.48 | Q18: 7.99 | R18: 0.38 | T18: 遵 化
A19: 迁安 | B19: 1227.0 | C19: 77.5 | D19: 4.3 | E19: 128.10 | F19: 31.90 | G19: 4.10 | H19: 45.10 | I19: 45.10 | J19: 11.66 | K19: 4.35 | L19: 4.63 | M19: 5.83 | N19: 0.22 | O19: 7.29 | P19: 0.38 | Q19: 10.74 | R19: 1.07 | S19: 0.61 | T19: 迁 安
A20: 秦皇岛 | B20: 2131.5 | C20: 150.1 | D20: 32.1 | E20: 290.30 | F20: 105.43 | G20: 33.15 | H20: 146.70 | I20: 143.45 | J20: 40.09 | K20: 10.23 | L20: 12.35 | M20: 15.60 | N20: 4.92 | O20: 24.80 | P20: 5.02 | Q20: 30.44 | R20: 5.91 | S20: 4.12 | T20: 秦皇岛
A21: 邯郸 | B21: 2685.7 | C21: 383.2 | D21: 15.2 | E21: 556.00 | F21: 200.14 | G21: 13.52 | H21: 192.20 | I21: 190.25 | J21: 47.33 | K21: 13.78 | L21: 8.13 | M21: 11.47 | N21: 8.51 | O21: 42.66 | P21: 6.29 | Q21: 52.08 | R21: 2.74 | S21: 2.16 | T21: 邯 郸
A22: 武安 | B22: 1806.0 | C22: 84.1 | D22: 1.9 | E22: 95.00 | F22: 24.54 | G22: 0.72 | H22: 39.30 | I22: 38.60 | J22: 10.71 | K22: 3.06 | L22: 1.71 | M22: 6.28 | N22: 0.88 | O22: 6.92 | P22: 1.14 | Q22: 7.90 | R22: 4.10 | S22: 3.25 | T22: 武 安
A23: 邢台 | B23: 994.2 | C23: 208.3 | D23: 3.6 | E23: 205.07 | F23: 75.99 | G23: 3.53 | H23: 157.05 | I23: 151.08 | J23: 51.27 | K23: 9.26 | L23: 8.11 | M23: 17.92 | N23: 2.60 | O23: 25.70 | P23: 2.49 | Q23: 33.73 | R23: 1.03 | S23: 0.88 | T23: 邢 台
A24: 南宫 | B24: 863.3 | C24: 50.5 | D24: 0.1 | E24: 53.50 | F24: 14.70 | G24: 0.12 | H24: 16.03 | I24: 16.03 | J24: 4.94 | K24: 1.05 | L24: 1.34 | M24: 1.30 | N24: 0.14 | O24: 3.49 | P24: 0.25 | Q24: 3.52 | T24: 南 宫
A25: 沙河 | B25: 999.0 | C25: 46.0 | D25: 0.1 | E25: 21.97 | F25: 10.95 | G25: 0.13 | H25: 17.96 | I25: 17.72 | J25: 7.96 | K25: 1.56 | L25: 1.37 | M25: 0.57 | N25: 0.06 | O25: 3.17 | P25: 0.07 | Q25: 2.96 | R25: 2.41 | S25: 1.22 | T25: 沙 河
A26: 保定 | B26: 2564.8 | C26: 289.7 | D26: 43.5 | E26: 359.65 | F26: 145.60 | G26: 42.18 | H26: 206.53 | I26: 199.72 | J26: 57.62 | K26: 15.50 | L26: 9.25 | M26: 38.83 | N26: 4.01 | O26: 32.23 | P26: 5.47 | Q26: 36.81 | R26: 4.07 | S26: 2.51 | T26: 保 定
A27: 涿州 | B27: 751.3 | C27: 69.8 | D27: 0.6 | E27: 181.00 | F27: 26.96 | G27: 0.16 | H27: 37.56 | I27: 37.56 | J27: 11.81 | K27: 3.91 | L27: 2.44 | M27: 5.42 | N27: 0.31 | O27: 6.93 | P27: 0.65 | Q27: 6.09 | R27: 1.68 | S27: 1.51 | T27: 涿 州
A28: 安国 | B28: 485.1 | C28: 40.4 | D28: 0.6 | E28: 31.71 | F28: 11.07 | G28: 0.52 | H28: 14.69 | I28: 14.63 | J28: 5.24 | K28: 0.71 | L28: 0.83 | M28: 0.71 | N28: 0.20 | O28: 3.86 | P28: 0.11 | Q28: 2.97 | R28: 0.92 | S28: 0.88 | T28: 安 国
A29: 高碑店 | B29: 620.0 | C29: 57.1 | D29: 1.7 | E29: 36.80 | F29: 14.34 | G29: 0.99 | H29: 21.08 | I29: 21.08 | J29: 5.10 | K29: 1.86 | L29: 1.14 | M29: 1.70 | N29: 0.27 | O29: 4.69 | P29: 1.01 | Q29: 5.31 | R29: 0.45 | S29: 0.24 | T29: 高碑店
A30: 张家口 | B30: 6963.8 | C30: 154.9 | D30: 8.5 | E30: 411.43 | F30: 90.78 | G30: 9.78 | H30: 101.80 | I30: 97.96 | J30: 23.39 | K30: 6.56 | L30: 4.05 | M30: 3.71 | N30: 1.68 | O30: 24.86 | P30: 3.53 | Q30: 30.18 | R30: 4.18 | S30: 3.07 | T30: 张家口
A31: 承德 | B31: 1252.7 | C31: 60.1 | D31: 3.1 | E31: 724.03 | F31: 55.02 | G31: 3.13 | H31: 81.00 | I31: 77.33 | J31: 19.87 | K31: 8.20 | L31: 4.73 | M31: 10.75 | N31: 1.98 | O31: 12.41 | P31: 1.47 | Q31: 17.92 | R31: 0.41 | S31: 0.05 | T31: 承 德
A32: 平泉 | B32: 3294.1 | C32: 47.3 | D32: 0.5 | E32: 26.00 | F32: 18.84 | G32: 0.48 | H32: 17.60 | I32: 17.40 | J32: 4.94 | K32: 1.17 | L32: 0.64 | M32: 0.84 | N32: 0.54 | O32: 3.68 | P32: 1.14 | Q32: 4.45 | R32: 0.94 | S32: 0.37 | T32: 平 泉
A33: 沧州 | B33: 320.0 | C33: 70.6 | D33: 12.5 | E33: 320.00 | F33: 59.43 | G33: 11.64 | H33: 89.71 | I33: 85.44 | J33: 30.81 | K33: 6.31 | L33: 4.75 | M33: 8.13 | N33: 2.12 | O33: 15.05 | P33: 1.34 | Q33: 16.93 | R33: 2.47 | S33: 1.74 | T33: 沧 州
A34: 泊头 | B34: 1007.0 | C34: 62.3 | D34: 0.4 | E34: 22.00 | F34: 16.84 | G34: 0.17 | H34: 20.15 | I34: 19.94 | J34: 6.75 | K34: 1.30 | L34: 1.02 | M34: 3.63 | N34: 0.18 | O34: 3.15 | P34: 0.24 | Q34: 3.67 | R34: 0.12 | S34: 0.08 | T34: 泊 头
A35: 任丘 | B35: 864.0 | C35: 81.6 | D35: 7.2 | E35: 74.40 | F35: 34.65 | G35: 2.23 | H35: 51.45 | I35: 51.39 | J35: 17.35 | K35: 4.86 | L35: 3.53 | M35: 4.81 | N35: 1.87 | O35: 7.75 | P35: 2.36 | Q35: 8.86 | R35: 1.05 | S35: 0.71 | T35: 任 丘
A36: 黄骅 | B36: 2202.0 | C36: 62.9 | D36: 6.3 | E36: 200.00 | F36: 15.94 | G36: 5.86 | H36: 38.20 | I36: 35.38 | J36: 6.31 | K36: 2.74 | L36: 3.72 | M36: 6.23 | N36: 0.95 | O36: 7.26 | P36: 0.61 | Q36: 7.56 | R36: 1.00 | T36: 黄 骅
A37: 河间 | B37: 1322.0 | C37: 88.0 | D37: 1.9 | E37: 69.40 | F37: 14.03 | G37: 0.90 | H37: 20.90 | I37: 20.38 | J37: 7.01 | K37: 0.80 | L37: 0.62 | M37: 1.19 | N37: 0.40 | O37: 3.97 | P37: 0.63 | Q37: 5.76 | R37: 0.38 | T37: 河 间
A38: 廊坊 | B38: 960.0 | C38: 88.7 | D38: 12.2 | E38: 292.00 | F38: 56.06 | G38: 10.62 | H38: 80.12 | I38: 79.39 | J38: 25.21 | K38: 4.02 | L38: 3.52 | M38: 7.63 | N38: 3.24 | O38: 14.80 | P38: 2.65 | Q38: 18.32 | R38: 3.99 | S38: 2.87 | T38: 廊 坊
A39: 霸州 | B39: 784.0 | C39: 65.9 | D39: 11.5 | E39: 79.00 | F39: 11.10 | G39: 4.05 | H39: 17.60 | I39: 17.51 | J39: 6.25 | K39: 0.79 | L39: 1.18 | M39: 1.32 | N39: 0.30 | O39: 2.70 | P39: 0.80 | Q39: 4.17 | R39: 1.78 | S39: 1.21 | T39: 霸 州
A40: 三河 | B40: 643.0 | C40: 77.0 | D40: 8.5 | E40: 169.00 | F40: 20.89 | G40: 2.00 | H40: 19.31 | I40: 19.31 | J40: 2.49 | K40: 3.64 | L40: 2.29 | M40: 0.40 | N40: 0.30 | O40: 4.89 | P40: 0.70 | Q40: 4.60 | T40: 三 河
A41: 衡水 | B41: 1509.6 | C41: 108.1 | D41: 3.8 | E41: 401.40 | F41: 62.06 | G41: 2.86 | H41: 76.59 | I41: 76.22 | J41: 26.82 | K41: 4.81 | L41: 3.95 | M41: 6.33 | N41: 1.64 | O41: 12.16 | P41: 1.38 | Q41: 19.13 | R41: 2.26 | S41: 1.60 | T41: 衡 水
A42: 深州 | B42: 1252.0 | C42: 58.1 | D42: 3.2 | E42: 83.19 | F42: 19.22 | G42: 0.10 | H42: 21.23 | I42: 20.80 | J42: 4.55 | K42: 1.45 | L42: 2.10 | M42: 1.90 | N42: 1.10 | O42: 4.17 | P42: 0.38 | Q42: 5.15 | T42: 深 州
A43: 辛集 | B43: 951.0 | C43: 64.0 | D43: 3.3 | E43: 137.10 | F43: 19.30 | G43: 3.23 | H43: 34.49 | I43: 33.76 | J43: 12.00 | K43: 1.58 | L43: 2.02 | M43: 4.28 | N43: 0.63 | O43: 6.03 | P43: 0.45 | Q43: 6.77 | R43: 0.75 | S43: 0.55 | T43: 辛 集
A44: 定州 | B44: 1283.7 | C44: 124.0 | D44: 1.5 | E44: 180.19 | F44: 35.59 | G44: 1.21 | H44: 44.20 | I44: 44.20 | J44: 22.11 | K44: 1.93 | L44: 1.26 | M44: 5.01 | N44: 0.15 | O44: 6.77 | P44: 0.88 | Q44: 6.09 | T44: 定 州
A45: 山西 | B45: 30045.4 | C45: 1650.2 | D45: 226.8 | E45: 2989.29 | F45: 1081.39 | G45: 159.21 | H45: 1268.86 | I45: 1325.14 | J45: 421.94 | K45: 157.78 | L45: 113.00 | M45: 181.96 | N45: 53.58 | O45: 234.16 | P45: 32.33 | Q45: 130.39 | R45: 40.51 | S45: 14.92 | T45: 山 西
A46: 太原 | B46: 1500.0 | C46: 395.0 | D46: 103.0 | E46: 1000.00 | F46: 311.80 | G46: 79.20 | H46: 340.00 | I46: 338.63 | J46: 97.10 | K46: 36.45 | L46: 33.65 | M46: 65.50 | N46: 19.37 | O46: 55.23 | P46: 5.19 | Q46: 26.14 | R46: 8.87 | S46: 2.50 | T46: 太 原
A47: 古交 | B47: 1512.0 | C47: 21.3 | D47: 1.8 | E47: 25.75 | F47: 15.04 | G47: 1.49 | H47: 17.05 | I47: 16.94 | J47: 5.20 | K47: 3.43 | L47: 0.49 | M47: 4.91 | N47: 0.03 | O47: 2.70 | P47: 0.08 | Q47: 0.10 | T47: 古 交
A50: 2-2续表1
A51: continued1
A52: 面积计量单位:平方公里
A53: 人口计量单位:万人
A54: AreaMeasurementUnit:SquareKilometer
A55: PopulationMeasurementUnit:10,000persons
A56: 城市名称 Nameof Cities | B56: 市区面积 Urban District Area | C56: 市区人口 Urban District Population | D56: 市区暂住 人 口 Urban District Temporary Population | E56: 城区面积 Urban Area | F56: 城区人口 Urban Population | G56: 城区暂住 人 口 Urban Temporary Population | H56: 建成区 面 积 Area of Built District | I56: 城市建设用地面积 Area of Urban Construction Land | R56: 本年征用 土地面积 Area of Land Requisition This Year | T56: 城市名称 Name of Cities
I57: 小 计 Subtotal | J57: 居住用地 Residen- tial | K57: 公共管理与 公共服务用地 Administr- ation and Public Services | L57: 商业服务业 设施用地 Commercial and Business Facilities | M57: 工业用地 Indust- rial, Manufac- turing | N57: 物流仓储 用 地 Logistics and Warehouse | O57: 道路交通 设施用地 Road, Street and Transpor- tation | P57: 公用设施 用 地 Municipal Utilities | Q57: 绿地与 广场用地 Green Space and Square | S57: 耕地 Arable Land
A58: 大同 | B58: 2080.0 | C58: 159.6 | D58: 13.0 | E58: 149.68 | F58: 123.05 | G58: 9.15 | H58: 149.68 | I58: 196.74 | J58: 51.74 | K58: 33.70 | L58: 30.56 | M58: 19.27 | N58: 11.29 | O58: 39.00 | P58: 2.73 | Q58: 8.45 | R58: 14.54 | S58: 5.54 | T58: 大 同
A59: 阳泉 | B59: 652.0 | C59: 71.7 | D59: 3.0 | E59: 59.65 | F59: 57.00 | G59: 3.00 | H59: 59.65 | I59: 74.46 | J59: 28.66 | K59: 5.20 | L59: 3.11 | M59: 16.91 | N59: 1.92 | O59: 8.69 | P59: 3.33 | Q59: 6.64 | T59: 阳 泉
A60: 长治 | B60: 2489.0 | C60: 162.3 | D60: 7.4 | E60: 243.80 | F60: 88.05 | G60: 7.09 | H60: 86.05 | I60: 83.58 | J60: 27.15 | K60: 14.88 | L60: 1.98 | M60: 15.05 | N60: 2.74 | O60: 13.59 | P60: 3.78 | Q60: 4.41 | R60: 0.32 | S60: 0.11 | T60: 长 治
A61: 晋城 | B61: 142.6 | C61: 42.2 | D61: 13.1 | E61: 102.79 | F61: 39.93 | G61: 12.42 | H61: 49.82 | I61: 49.82 | J61: 17.20 | K61: 7.62 | L61: 5.48 | M61: 4.05 | N61: 1.28 | O61: 9.82 | P61: 0.75 | Q61: 3.62 | R61: 4.46 | S61: 2.02 | T61: 晋 城
A62: 高平 | B62: 946.0 | C62: 48.8 | D62: 1.0 | E62: 63.00 | F62: 13.00 | G62: 0.43 | H62: 17.80 | I62: 17.30 | J62: 7.00 | K62: 1.50 | L62: 1.80 | M62: 0.85 | N62: 1.32 | O62: 2.48 | P62: 0.40 | Q62: 1.95 | R62: 0.01 | T62: 高 平
A63: 朔州 | B63: 4093.7 | C63: 69.4 | D63: 5.8 | E63: 176.00 | F63: 43.00 | G63: 5.47 | H63: 49.70 | I63: 49.01 | J63: 12.40 | K63: 4.00 | L63: 5.35 | M63: 0.98 | N63: 1.85 | O63: 10.02 | P63: 1.90 | Q63: 12.51 | T63: 朔 州
A64: 怀仁 | B64: 1232.0 | C64: 34.0 | D64: 2.2 | E64: 80.00 | F64: 20.41 | G64: 2.51 | H64: 28.00 | I64: 27.49 | J64: 6.65 | K64: 2.02 | L64: 2.04 | M64: 0.48 | N64: 0.34 | O64: 5.47 | P64: 1.94 | Q64: 8.55 | T64: 怀 仁
A65: 晋中 | B65: 1311.0 | C65: 64.7 | D65: 22.5 | E65: 251.52 | F65: 49.02 | G65: 22.53 | H65: 104.51 | I65: 123.30 | J65: 45.62 | K65: 16.35 | L65: 7.56 | M65: 19.33 | N65: 4.59 | O65: 27.39 | P65: 0.56 | Q65: 1.90 | R65: 4.74 | S65: 2.46 | T65: 晋 中
A66: 介休 | B66: 743.7 | C66: 44.5 | D66: 0.3 | E66: 42.00 | F66: 19.35 | G66: 0.03 | H66: 20.03 | I66: 25.00 | J66: 10.97 | K66: 1.89 | L66: 2.27 | M66: 3.37 | N66: 1.13 | O66: 4.46 | P66: 0.18 | Q66: 0.73 | R66: 0.09 | S66: 0.06 | T66: 介 休
A67: 运城 | B67: 1237.0 | C67: 65.0 | D67: 42.0 | E67: 88.90 | F67: 53.00 | G67: 4.00 | H67: 66.00 | I67: 45.47 | J67: 13.94 | K67: 1.52 | L67: 1.34 | M67: 3.89 | N67: 1.20 | O67: 10.77 | P67: 2.54 | Q67: 10.27 | T67: 运 城
A68: 永济 | B68: 1208.0 | C68: 39.5 | D68: 0.2 | E68: 30.26 | F68: 16.90 | G68: 0.20 | H68: 25.78 | I68: 25.43 | J68: 4.13 | K68: 2.30 | L68: 0.33 | M68: 3.06 | N68: 0.36 | O68: 3.15 | P68: 2.30 | Q68: 9.80 | T68: 永 济
A69: 河津 | B69: 593.1 | C69: 39.5 | E69: 107.80 | F69: 21.24 | H69: 27.12 | I69: 26.60 | J69: 8.87 | K69: 2.14 | L69: 1.84 | M69: 7.04 | N69: 1.09 | O69: 3.67 | P69: 0.26 | Q69: 1.69 | T69: 河 津
A70: 忻州 | B70: 1982.0 | C70: 55.4 | D70: 0.7 | E70: 183.00 | F70: 30.34 | G70: 3.32 | H70: 37.04 | I70: 36.83 | J70: 11.45 | K70: 3.62 | L70: 3.53 | M70: 1.32 | N70: 0.83 | O70: 7.06 | P70: 0.59 | Q70: 8.43 | R70: 3.94 | T70: 忻 州
A71: 原平 | B71: 2571.0 | C71: 50.9 | D71: 1.1 | E71: 148.00 | F71: 18.28 | G71: 1.10 | H71: 20.17 | I71: 20.17 | J71: 6.86 | K71: 1.97 | L71: 0.97 | M71: 3.72 | N71: 0.30 | O71: 3.20 | P71: 0.41 | Q71: 2.74 | T71: 原 平
A72: 临汾 | B72: 1307.0 | C72: 93.5 | D72: 2.5 | E72: 60.00 | F72: 59.40 | G72: 2.30 | H72: 54.00 | I72: 53.98 | J72: 21.98 | K72: 4.71 | L72: 4.12 | M72: 1.30 | N72: 1.53 | O72: 7.09 | P72: 2.73 | Q72: 10.52 | R72: 2.15 | S72: 1.31 | T72: 临 汾
A73: 侯马 | B73: 220.1 | C73: 25.2 | D73: 0.7 | E73: 21.34 | F73: 15.21 | G73: 0.90 | H73: 21.34 | I73: 21.34 | J73: 8.03 | K73: 1.97 | L73: 1.59 | M73: 1.94 | N73: 0.87 | O73: 3.62 | P73: 0.31 | Q73: 3.01 | T73: 侯 马
A74: 霍州 | B74: 765.0 | C74: 30.9 | D74: 2.6 | E74: 19.50 | F74: 13.37 | G74: 1.64 | H74: 15.40 | I74: 15.11 | J74: 6.40 | K74: 1.97 | L74: 0.70 | M74: 0.44 | N74: 0.43 | O74: 2.11 | P74: 0.34 | Q74: 2.72 | T74: 霍 州
A75: 吕梁 | B75: 1339.0 | C75: 45.6 | E75: 50.20 | F75: 33.53 | H75: 33.32 | I75: 32.33 | J75: 11.44 | K75: 4.00 | L75: 1.80 | M75: 5.35 | N75: 0.02 | O75: 5.31 | P75: 0.33 | Q75: 4.08 | T75: 吕 梁
A76: 孝义 | B76: 946.0 | C76: 47.7 | D76: 2.5 | E76: 54.50 | F76: 29.30 | G76: 1.23 | H76: 28.80 | I76: 28.32 | J76: 10.44 | K76: 4.65 | L76: 0.98 | M76: 1.76 | N76: 0.62 | O76: 6.48 | P76: 1.49 | Q76: 1.90 | R76: 0.92 | S76: 0.50 | T76: 孝 义
A77: 汾阳 | B77: 1175.3 | C77: 43.4 | D77: 1.4 | E77: 31.60 | F77: 11.17 | G77: 1.20 | H77: 17.60 | I77: 17.29 | J77: 8.71 | K77: 1.89 | L77: 1.51 | M77: 1.44 | N77: 0.47 | O77: 2.85 | P77: 0.19 | Q77: 0.23 | R77: 0.47 | S77: 0.42 | T77: 汾 阳
A78: 内蒙古 | B78: 148694.5 | C78: 914.0 | D78: 276.1 | E78: 4565.51 | F78: 682.13 | G78: 221.46 | H78: 1271.48 | I78: 1158.97 | J78: 365.59 | K78: 104.27 | L78: 97.26 | M78: 123.66 | N78: 34.58 | O78: 221.57 | P78: 34.16 | Q78: 177.88 | R78: 57.64 | S78: 24.20 | T78: 内蒙古
A79: 呼和浩特 | B79: 2065.5 | C79: 149.0 | D79: 66.0 | E79: 272.66 | F79: 149.00 | G79: 66.00 | H79: 272.66 | I79: 242.75 | J79: 78.21 | K79: 28.70 | L79: 26.24 | M79: 19.34 | N79: 8.50 | O79: 43.11 | P79: 5.43 | Q79: 33.22 | R79: 28.88 | S79: 16.84 | T79: 呼和浩特
A80: 包头 | B80: 2965.0 | C80: 158.7 | D80: 51.2 | E80: 885.00 | F80: 139.29 | G80: 51.22 | H80: 211.62 | I80: 195.79 | J80: 58.60 | K80: 15.82 | L80: 9.83 | M80: 52.50 | N80: 7.50 | O80: 24.40 | P80: 3.49 | Q80: 23.65 | R80: 14.69 | S80: 6.66 | T80: 包 头
A81: 乌海 | B81: 1754.0 | C81: 43.7 | D81: 12.4 | E81: 67.17 | F81: 40.36 | G81: 12.41 | H81: 62.30 | I81: 55.11 | J81: 20.16 | K81: 5.51 | L81: 3.58 | M81: 2.75 | N81: 1.02 | O81: 10.27 | P81: 0.47 | Q81: 11.35 | R81: 0.06 | T81: 乌 海
A82: 赤峰 | B82: 7057.4 | C82: 128.4 | D82: 18.2 | E82: 445.88 | F82: 76.10 | G82: 16.20 | H82: 119.83 | I82: 108.30 | J82: 29.45 | K82: 5.38 | L82: 4.04 | M82: 6.96 | N82: 2.66 | O82: 23.67 | P82: 6.86 | Q82: 29.28 | R82: 2.53 | S82: 0.65 | T82: 赤 峰
A83: 通辽 | B83: 3212.0 | C83: 84.6 | D83: 4.5 | E83: 75.63 | F83: 42.35 | G83: 3.80 | H83: 62.50 | I83: 62.50 | J83: 14.39 | K83: 6.17 | L83: 3.00 | M83: 5.00 | N83: 3.35 | O83: 12.49 | P83: 3.35 | Q83: 14.75 | T83: 通 辽
A84: 霍林郭勒 | B84: 585.0 | C84: 8.4 | D84: 5.5 | E84: 36.04 | F84: 8.40 | G84: 4.71 | H84: 17.10 | I84: 17.10 | J84: 3.00 | K84: 1.81 | L84: 1.78 | M84: 1.22 | N84: 1.15 | O84: 4.25 | P84: 1.10 | Q84: 2.79 | T84: 霍林郭勒
A85: 鄂尔多斯 | B85: 2884.1 | C85: 32.7 | D85: 30.3 | E85: 200.87 | F85: 25.32 | G85: 27.44 | H85: 117.87 | I85: 103.87 | J85: 26.65 | K85: 9.30 | L85: 15.45 | M85: 3.57 | N85: 0.05 | O85: 34.31 | P85: 0.95 | Q85: 13.59 | T85: 鄂尔多斯
A86: 呼伦贝尔 | B86: 1401.9 | C86: 28.3 | D86: 4.0 | E86: 135.50 | F86: 27.87 | G86: 4.01 | H86: 31.50 | I86: 31.50 | J86: 18.50 | K86: 2.00 | L86: 2.00 | M86: 2.00 | N86: 1.00 | O86: 1.00 | P86: 2.00 | Q86: 3.00 | T86: 呼伦贝尔
A87: 满洲里 | B87: 734.6 | C87: 17.2 | D87: 3.9 | E87: 734.56 | F87: 17.18 | G87: 3.86 | H87: 27.06 | I87: 27.00 | J87: 8.00 | K87: 3.00 | L87: 1.00 | M87: 2.00 | N87: 1.00 | O87: 8.00 | P87: 2.00 | Q87: 2.00 | T87: 满洲里
A88: 牙克石 | B88: 27590.0 | C88: 30.9 | D88: 5.2 | E88: 39.00 | F88: 13.08 | G88: 0.14 | H88: 28.23 | I88: 25.81 | J88: 7.03 | K88: 1.65 | L88: 1.57 | M88: 3.44 | N88: 1.12 | O88: 5.30 | P88: 0.25 | Q88: 5.45 | R88: 6.30 | T88: 牙克石
A89: 扎兰屯 | B89: 16800.0 | C89: 43.1 | D89: 1.8 | E89: 385.00 | F89: 13.15 | G89: 0.30 | H89: 19.20 | I89: 18.30 | J89: 8.71 | K89: 0.60 | L89: 0.50 | M89: 0.30 | N89: 0.30 | O89: 4.06 | P89: 0.40 | Q89: 3.43 | R89: 1.00 | T89: 扎兰屯
A90: 额尔古纳 | B90: 28000.0 | C90: 7.7 | D90: 0.4 | E90: 303.00 | F90: 3.58 | G90: 0.22 | H90: 10.48 | I90: 10.48 | J90: 6.25 | K90: 0.75 | L90: 0.88 | M90: 0.68 | N90: 0.20 | O90: 1.02 | P90: 0.28 | Q90: 0.42 | T90: 额尔古纳
A91: 根河 | B91: 19659.0 | C91: 6.8 | E91: 350.00 | F91: 3.80 | H91: 8.70 | I91: 8.70 | J91: 5.18 | K91: 0.40 | L91: 0.03 | M91: 0.80 | N91: 0.20 | O91: 1.28 | P91: 0.10 | Q91: 0.71 | T91: 根 河
A92: 巴彦淖尔 | B92: 2333.3 | C92: 51.7 | D92: 8.2 | E92: 80.51 | F92: 32.72 | G92: 7.80 | H92: 51.00 | I92: 40.42 | J92: 21.76 | K92: 3.44 | L92: 3.62 | M92: 1.24 | N92: 0.34 | O92: 6.95 | P92: 0.36 | Q92: 2.71 | T92: 巴彦淖尔
A93: 乌兰察布 | B93: 393.8 | C93: 31.7 | D93: 13.7 | E93: 75.40 | F93: 26.08 | G93: 2.92 | H93: 75.40 | I93: 61.49 | J93: 19.13 | K93: 5.47 | L93: 5.49 | M93: 5.42 | N93: 1.31 | O93: 14.68 | P93: 0.76 | Q93: 9.23 | T93: 乌兰察布
A94: 丰镇 | B94: 2704.0 | C94: 31.0 | D94: 31.0 | E94: 25.00 | F94: 10.82 | G94: 0.45 | H94: 25.00 | I94: 25.00 | J94: 6.47 | K94: 1.75 | L94: 2.96 | M94: 3.08 | N94: 0.98 | O94: 4.14 | P94: 0.38 | Q94: 5.24 | T94: 丰 镇
A95: 乌兰浩特 | B95: 2353.0 | C95: 32.2 | D95: 3.1 | E95: 256.00 | F95: 29.02 | G95: 3.11 | H95: 45.00 | I95: 39.35 | J95: 15.80 | K95: 3.76 | L95: 2.82 | M95: 5.16 | N95: 0.29 | O95: 7.55 | P95: 0.78 | Q95: 3.19 | R95: 0.07 | T95: 乌兰浩特
A96: 阿尔山 | B96: 7408.7 | C96: 4.2 | D96: 0.5 | E96: 15.40 | F96: 2.86 | G96: 0.36 | H96: 11.40 | I96: 11.40 | J96: 4.30 | K96: 0.43 | L96: 0.90 | M96: 0.27 | N96: 0.34 | O96: 1.50 | P96: 1.77 | Q96: 1.89 | T96: 阿尔山
A97: 二连浩特 | B97: 4015.0 | C97: 3.6 | D97: 4.1 | E97: 79.40 | F97: 3.32 | G97: 4.38 | H97: 27.00 | I97: 26.64 | J97: 3.35 | K97: 2.88 | L97: 7.37 | M97: 1.53 | N97: 2.84 | O97: 6.24 | P97: 1.43 | Q97: 1.00 | T97: 二连浩特
A98: 锡林浩特 | B98: 14778.4 | C98: 20.4 | D98: 12.3 | E98: 103.49 | F98: 17.83 | G98: 12.13 | H98: 47.63 | I98: 47.46 | J98: 10.65 | K98: 5.45 | L98: 4.20 | M98: 6.40 | N98: 0.43 | O98: 7.35 | P98: 2.00 | Q98: 10.98 | R98: 4.11 | S98: 0.05 | T98: 锡林浩特
A101: 2-2续表2
A102: continued2
A103: 面积计量单位:平方公里
A104: AreaMeasurementUnit:SquareKilometer
...
